ip,status
1.37.18.141,dead
1.37.18.142,dead
1.37.18.145,dead
1.37.18.146,dead
1.37.18.153,dead
1.37.18.154,dead
1.37.18.161,dead
1.37.18.162,dead
1.37.18.178,dead
1.37.18.181,dead
1.37.18.182,dead
1.37.18.201,dead
1.37.18.202,dead
1.37.18.205,dead
1.37.18.206,dead
1.37.18.210,dead
1.37.18.213,dead
1.37.18.214,dead
1.37.18.225,dead
1.37.18.226,dead
1.37.18.233,dead
1.37.18.237,dead
1.37.18.238,dead
1.37.18.245,dead
1.37.18.246,dead
1.37.22.26,dead
1.37.23.2,dead
1.37.23.5,dead
1.37.23.6,dead
1.37.26.183,dead
1.37.28.1,dead
1.37.28.10,dead
1.37.28.13,dead
1.37.28.21,dead
1.37.28.22,dead
1.37.28.25,dead
1.37.28.26,dead
1.37.28.29,dead
1.37.28.30,dead
1.37.28.45,dead
1.37.28.46,dead
1.37.28.49,dead
1.37.28.50,dead
1.37.28.73,dead
1.37.28.74,dead
1.37.28.81,dead
1.37.28.82,dead
1.37.28.89,dead
1.37.28.90,dead
1.37.28.93,dead
1.37.28.97,dead
1.37.28.98,dead
1.37.28.101,dead
1.37.28.102,dead
1.37.28.105,dead
1.37.28.106,dead
1.37.28.109,dead
1.37.28.110,dead
1.37.28.121,dead
1.37.28.122,dead
1.37.28.125,dead
1.37.28.126,dead
1.37.28.133,dead
1.37.28.134,dead
1.37.28.141,dead
1.37.28.142,dead
1.37.28.150,dead
1.37.28.153,dead
1.37.28.154,dead
1.37.28.161,dead
1.37.28.162,dead
1.37.29.133,dead
1.37.29.134,dead
1.37.29.177,dead
1.37.30.161,dead
1.37.30.162,dead
1.37.30.177,dead
1.37.30.250,dead
1.37.31.166,dead
1.37.31.173,dead
1.37.33.49,dead
1.37.33.50,dead
1.37.33.54,dead
1.37.33.153,dead
1.37.33.154,dead
1.37.33.177,dead
1.37.33.178,dead
1.37.33.186,dead
1.37.33.194,dead
1.37.34.49,dead
1.37.34.169,dead
1.37.34.189,dead
1.37.34.190,dead
1.37.35.1,dead
1.37.35.57,dead
1.37.35.58,dead
1.37.35.59,dead
1.37.35.65,dead
1.37.35.66,dead
1.37.35.70,dead
1.37.35.74,dead
1.37.35.98,dead
1.37.35.101,dead
1.37.35.102,dead
1.37.35.109,dead
1.37.35.110,dead
1.37.35.113,dead
1.37.35.114,dead
1.37.35.124,dead
1.37.35.125,dead
1.37.35.127,dead
1.37.42.97,dead
1.37.42.193,dead
1.37.42.225,dead
1.37.65.65,dead
1.37.65.97,dead
1.37.65.98,dead
1.37.68.1,dead
1.37.68.129,dead
1.37.69.1,dead
1.37.69.233,dead
1.37.69.241,dead
1.37.69.242,dead
1.37.69.245,dead
1.37.69.246,dead
1.37.69.249,dead
1.37.69.250,dead
1.37.69.253,dead
1.37.69.254,dead
1.37.73.4,dead
1.37.73.9,dead
1.37.73.10,dead
1.37.73.13,dead
1.37.73.14,dead
1.37.73.25,dead
1.37.73.26,dead
1.37.73.29,dead
1.37.73.30,dead
1.37.73.37,dead
1.37.73.38,dead
1.37.73.41,dead
1.37.73.42,dead
1.37.73.45,dead
1.37.73.46,dead
1.37.73.200,dead
1.37.73.201,dead
1.37.73.203,dead
1.37.73.205,dead
1.37.73.206,dead
1.37.73.208,dead
1.37.73.209,dead
1.37.73.211,dead
1.37.73.212,dead
1.37.73.213,dead
1.37.73.214,dead
1.37.73.216,dead
1.37.73.218,dead
1.37.73.220,dead
1.37.73.221,dead
1.37.73.225,dead
1.37.73.235,dead
1.37.73.238,dead
1.37.73.239,dead
1.37.73.242,dead
1.37.73.243,dead
1.37.73.246,dead
1.37.73.247,dead
1.37.73.254,dead
1.37.76.129,dead
1.37.77.1,dead
1.37.77.112,dead
1.37.77.113,dead
1.37.77.114,dead
1.37.77.115,dead
1.37.77.117,dead
1.37.77.118,dead
1.37.77.129,dead
1.37.77.193,dead
1.37.77.241,dead
1.37.77.242,dead
1.37.77.244,dead
1.37.77.245,dead
1.37.77.252,dead
1.37.77.253,dead
1.37.77.255,dead
1.37.93.1,dead
1.37.100.2,dead
1.37.100.6,dead
1.37.100.10,dead
1.37.100.14,dead
1.37.100.30,dead
1.37.100.33,dead
1.37.100.38,dead
1.37.100.50,dead
1.37.100.58,dead
1.37.100.62,dead
1.37.100.70,dead
1.37.100.74,dead
1.37.100.82,dead
1.37.100.86,dead
1.37.100.94,dead
1.37.100.98,dead
1.37.100.101,dead
1.37.100.106,dead
1.37.100.110,dead
1.37.100.118,dead
1.37.100.122,dead
1.37.100.126,dead
1.37.100.130,dead
1.37.100.134,dead
1.37.100.150,dead
1.37.100.158,dead
1.37.100.162,dead
1.37.100.166,dead
1.37.100.169,dead
1.37.100.170,dead
1.37.100.174,dead
1.37.100.178,dead
1.37.100.186,dead
1.37.100.190,dead
1.37.100.193,dead
1.37.100.202,dead
1.37.100.214,dead
1.37.100.218,dead
1.37.100.222,dead
1.37.100.226,dead
1.37.100.230,dead
1.37.100.238,dead
1.37.100.242,dead
1.37.100.246,dead
1.37.100.254,dead
1.37.101.193,dead
1.37.103.90,dead
1.37.103.190,dead
1.37.103.214,dead
1.38.2.251,dead
1.38.2.253,dead
1.38.2.255,dead
1.38.3.87,dead
1.38.5.192,dead
1.38.5.194,dead
1.38.5.196,dead
1.38.5.198,dead
1.38.5.200,dead
1.38.5.205,dead
1.38.5.207,dead
1.38.5.209,dead
1.38.5.211,dead
1.38.5.216,dead
1.38.5.227,dead
1.38.5.236,dead
1.38.5.239,dead
1.38.5.240,dead
1.38.5.242,dead
1.38.5.244,dead
1.38.5.246,dead
1.38.5.248,dead
1.38.5.250,dead
1.38.5.252,dead
1.38.10.77,dead
1.38.10.79,dead
1.38.10.82,dead
1.38.10.84,dead
1.38.10.85,dead
1.38.10.86,dead
1.38.10.88,dead
1.38.10.90,dead
1.38.10.92,dead
1.38.10.94,dead
1.38.10.185,dead
1.38.15.40,dead
1.38.15.42,dead
1.38.15.44,dead
1.38.15.64,dead
1.38.15.65,dead
1.38.15.66,dead
1.38.15.68,dead
1.38.15.70,dead
1.38.15.71,dead
1.38.15.72,dead
1.38.15.79,dead
1.38.15.80,dead
1.38.15.84,dead
1.38.15.114,dead
1.38.212.251,dead
1.38.212.253,dead
1.38.212.255,dead
1.39.72.231,dead
1.39.72.233,dead
1.39.72.239,dead
1.39.72.241,dead
1.39.72.243,dead
1.39.72.245,dead
1.39.72.247,dead
1.39.72.249,dead
1.39.72.250,dead
1.39.72.253,dead
1.39.72.255,dead
1.39.226.163,dead
1.44.65.10,dead
1.44.65.166,dead
1.44.65.170,dead
1.44.65.174,dead
1.44.65.178,dead
1.44.65.201,dead
1.44.66.70,dead
1.44.66.78,dead
1.44.66.185,dead
1.44.66.210,dead
1.44.67.6,dead
1.44.67.54,dead
1.44.67.89,dead
1.44.67.129,dead
1.44.67.182,dead
1.44.67.206,dead
1.44.68.26,dead
1.44.68.34,dead
1.44.68.86,dead
1.44.68.170,dead
1.44.68.254,dead
1.44.69.26,dead
1.44.69.54,dead
1.44.69.74,dead
1.44.69.105,dead
1.44.69.109,dead
1.44.69.154,dead
1.44.69.190,dead
1.44.70.85,dead
1.44.70.169,dead
1.44.70.198,dead
1.44.71.29,dead
1.44.71.129,dead
1.44.71.137,dead
1.44.71.142,dead
1.44.71.206,dead
1.44.71.217,dead
1.44.72.36,dead
1.44.72.50,dead
1.44.72.130,dead
1.44.72.237,dead
1.44.73.60,dead
1.44.74.26,dead
1.44.74.106,dead
1.44.74.113,dead
1.44.74.142,dead
1.44.74.154,dead
1.44.74.214,dead
1.44.74.241,dead
1.44.74.242,dead
1.44.75.66,dead
1.44.75.174,dead
1.44.75.253,dead
1.44.76.26,dead
1.44.76.190,dead
1.44.77.14,dead
1.44.77.38,dead
1.44.77.182,dead
1.44.78.29,dead
1.44.78.57,dead
1.44.78.114,dead
1.44.78.142,dead
1.44.78.158,dead
1.44.78.174,dead
1.44.78.181,dead
1.44.79.26,dead
1.44.79.53,dead
1.44.79.65,dead
1.44.79.77,dead
1.44.79.101,dead
1.44.79.110,dead
1.44.79.117,dead
1.44.79.130,dead
1.44.79.234,dead
1.44.79.245,dead
1.44.79.249,dead
1.44.81.41,dead
1.44.81.57,dead
1.44.81.62,dead
1.44.81.69,dead
1.44.81.73,dead
1.44.81.94,dead
1.44.81.102,dead
1.44.81.161,dead
1.44.81.170,dead
1.44.81.181,dead
1.44.81.198,dead
1.44.81.202,dead
1.44.81.210,dead
1.44.81.218,dead
1.44.81.222,dead
1.44.82.18,dead
1.44.82.29,dead
1.44.82.46,dead
1.44.82.54,dead
1.44.82.58,dead
1.44.82.70,dead
1.44.82.90,dead
1.44.82.106,dead
1.44.82.142,dead
1.44.82.246,dead
1.44.82.250,dead
1.44.86.13,dead
1.44.86.18,dead
1.44.86.66,dead
1.44.86.70,dead
1.44.86.78,dead
1.44.86.82,dead
1.44.86.94,dead
1.44.86.122,dead
1.44.86.190,dead
1.44.86.206,dead
1.44.86.242,dead
1.44.86.250,dead
1.44.88.106,dead
1.44.88.234,dead
1.44.88.238,dead
1.44.89.53,dead
1.44.89.85,dead
1.44.89.89,dead
1.44.89.93,dead
1.44.89.141,dead
1.44.89.186,dead
1.44.91.2,dead
1.44.91.46,dead
1.44.91.50,dead
1.44.91.90,dead
1.44.91.142,dead
1.44.91.162,dead
1.44.92.18,dead
1.44.92.26,dead
1.44.92.38,dead
1.44.92.50,dead
1.44.92.58,dead
1.44.92.62,dead
1.44.92.86,alive
1.44.92.93,alive
1.44.92.182,dead
1.44.92.190,dead
1.44.92.198,dead
1.44.92.202,dead
1.44.92.246,dead
1.44.93.50,dead
1.44.93.58,dead
1.44.93.90,dead
1.44.93.110,dead
1.44.93.158,dead
1.44.94.46,dead
1.44.94.53,alive
1.44.94.70,dead
1.44.94.73,alive
1.44.94.82,dead
1.44.94.98,dead
1.44.94.154,dead
1.44.94.162,dead
1.44.104.2,dead
1.44.104.18,dead
1.44.104.22,dead
1.44.104.46,dead
1.44.104.54,dead
1.44.104.153,alive
1.44.104.157,alive
1.44.104.165,alive
1.44.104.177,alive
1.44.104.210,alive
1.44.104.234,dead
1.44.105.10,alive
1.44.105.34,dead
1.44.105.61,alive
1.44.105.113,alive
1.44.105.133,alive
1.44.105.137,alive
1.44.105.141,alive
1.44.105.145,alive
1.44.105.149,alive
1.44.105.153,alive
1.44.105.165,alive
1.44.105.173,alive
1.44.105.186,dead
1.44.105.213,alive
1.44.105.221,alive
1.44.105.233,alive
1.44.105.246,dead
1.44.106.5,alive
1.44.106.14,dead
1.44.106.21,alive
1.44.106.57,alive
1.44.106.58,dead
1.44.106.65,alive
1.44.106.98,alive
1.44.106.105,alive
1.44.106.106,dead
1.44.106.126,dead
1.44.106.138,alive
1.44.106.150,alive
1.44.106.158,alive
1.44.106.182,dead
1.44.106.193,alive
1.44.106.209,alive
1.44.106.210,dead
1.44.106.246,alive
1.0.0.1,alive
1.0.0.2,alive
1.0.0.11,alive
1.0.7.242,dead
1.0.7.249,dead
1.0.10.2,alive
1.0.16.14,alive
1.0.33.1,alive
1.0.128.4,dead
1.0.128.9,dead
1.0.128.181,dead
1.0.132.126,dead
1.0.132.127,dead
1.0.132.132,dead
1.0.132.134,dead
1.0.138.141,dead
1.0.141.225,dead
1.0.166.35,dead
1.0.166.69,dead
1.0.166.136,dead
1.0.166.145,dead
1.0.169.1,dead
1.0.169.39,dead
1.0.169.63,dead
1.0.169.80,dead
1.0.169.171,dead
1.0.169.175,dead
1.0.169.238,dead
1.0.170.30,dead
1.0.170.31,dead
1.0.170.184,dead
1.0.202.28,dead
1.0.202.150,dead
1.0.202.206,dead
1.0.203.21,dead
1.0.203.38,dead
1.0.203.103,dead
1.0.203.134,dead
1.0.216.10,dead
1.0.216.71,dead
1.0.216.133,dead
1.0.218.1,dead
1.0.218.44,dead
1.0.218.45,dead
1.0.218.54,dead
1.0.218.64,dead
1.0.218.203,dead
1.0.221.20,dead
1.1.0.1,dead
1.1.0.3,dead
1.1.0.14,dead
1.1.0.226,dead
1.1.1.1,dead
1.1.1.2,dead
1.1.1.3,dead
1.1.1.4,dead
1.1.1.5,dead
1.1.1.6,dead
1.1.1.10,dead
1.1.1.13,dead
1.1.1.14,dead
1.1.1.17,dead
1.1.1.18,dead
1.1.1.21,dead
1.1.1.22,dead
1.1.1.42,dead
1.1.1.57,dead
1.1.1.77,dead
1.1.1.86,dead
1.1.1.100,dead
1.1.1.136,dead
1.1.1.194,dead
1.1.1.197,dead
1.1.1.198,dead
1.1.1.221,dead
1.1.1.222,dead
1.1.1.248,dead
1.1.1.249,dead
1.1.1.250,dead
1.1.1.252,dead
1.1.2.1,dead
1.1.2.9,dead
1.1.2.10,dead
1.1.2.18,dead
1.1.2.22,dead
1.1.2.45,dead
1.1.2.57,dead
1.1.2.109,dead
1.1.2.110,dead
1.1.2.129,dead
1.1.3.1,dead
1.1.3.2,dead
1.1.3.3,dead
1.1.3.110,dead
1.1.3.158,dead
1.1.3.161,dead
1.1.5.1,dead
1.1.5.2,dead
1.1.6.21,dead
1.1.6.22,dead
1.1.6.54,dead
1.1.6.62,dead
1.1.10.1,dead
1.1.10.2,dead
1.1.10.5,dead
1.1.15.2,dead
1.1.20.2,dead
1.1.20.22,dead
1.1.33.2,dead
1.1.61.1,dead
1.1.148.110,dead
1.1.149.151,dead
1.1.149.153,dead
1.1.149.154,dead
1.1.149.160,dead
1.1.149.181,dead
1.1.149.182,dead
1.1.149.195,dead
1.1.149.207,dead
1.1.176.21,dead
1.1.176.33,dead
1.1.176.34,dead
1.1.176.118,dead
1.1.176.127,dead
1.1.176.153,dead
1.1.178.31,dead
1.1.178.63,dead
1.1.178.84,dead
1.1.178.94,dead
1.1.178.97,dead
1.1.178.166,dead
1.1.178.167,dead
1.1.178.171,dead
1.1.179.64,dead
1.1.180.226,dead
1.1.183.42,dead
1.1.183.51,dead
1.1.183.55,dead
1.1.183.63,dead
1.1.183.66,dead
1.1.189.62,dead
1.1.189.82,dead
1.1.220.150,dead
1.1.220.166,dead
1.1.224.2,dead
1.1.225.40,dead
1.1.231.221,dead
1.2.1.2,dead
1.2.3.4,dead
1.2.3.6,dead
1.2.48.129,dead
1.2.48.130,dead
1.2.161.181,dead
1.2.168.201,dead
1.2.168.249,dead
1.2.236.24,dead
1.2.236.26,dead
1.2.236.127,dead
1.2.236.136,dead
1.2.236.140,dead
1.2.236.157,dead
1.2.248.64,dead
1.2.248.65,dead
1.2.249.198,dead
1.2.252.1,dead
1.2.252.16,dead
1.2.252.46,dead
1.2.252.82,dead
1.2.252.178,dead
1.2.252.194,dead
1.3.4.3,dead
1.4.42.4,dead
1.4.157.1,dead
1.4.157.4,dead
1.4.157.25,dead
1.4.157.41,dead
1.4.157.93,dead
1.4.157.122,dead
1.4.159.230,dead
1.4.194.49,dead
1.4.194.199,dead
1.4.194.243,dead
1.4.198.117,dead
1.4.212.12,dead
1.4.212.96,dead
1.4.212.130,dead
1.4.212.142,dead
1.4.212.219,dead
1.4.213.36,dead
1.4.213.78,dead
1.4.214.52,dead
1.4.214.128,dead
1.4.214.145,dead
1.4.214.183,dead
1.4.214.192,dead
1.4.214.193,dead
1.4.215.1,dead
1.4.215.45,dead
1.4.215.60,dead
1.4.215.61,dead
1.4.215.106,dead
1.4.222.1,dead
1.4.222.179,dead
1.6.0.26,dead
1.6.0.159,dead
1.6.0.197,dead
1.6.1.144,dead
1.6.1.181,dead
1.6.1.235,dead
1.6.2.102,dead
1.6.2.197,dead
1.6.3.38,dead
1.6.3.39,dead
1.6.3.73,dead
1.6.3.157,dead
1.6.3.197,dead
1.6.4.10,dead
1.6.4.11,dead
1.6.4.101,dead
1.6.4.153,dead
1.6.4.233,dead
1.6.4.235,dead
1.6.4.237,dead
1.6.4.239,dead
1.6.5.21,dead
1.6.5.72,dead
1.6.5.137,dead
1.6.6.146,dead
1.6.6.168,dead
1.6.7.37,dead
1.6.7.42,dead
1.6.8.145,dead
1.6.8.195,dead
1.6.9.173,dead
1.6.10.33,dead
1.6.10.153,dead
1.6.10.165,dead
1.6.10.232,dead
1.6.11.105,dead
1.6.11.108,dead
1.6.11.212,dead
1.6.11.230,dead
1.6.12.38,dead
1.6.12.199,dead
1.6.12.239,dead
1.6.13.25,dead
1.6.13.235,dead
1.6.14.79,dead
1.6.14.114,dead
1.6.14.157,dead
1.6.14.194,dead
1.6.15.199,dead
1.6.16.178,dead
1.6.17.11,dead
1.6.17.13,dead
1.6.18.18,dead
1.6.18.115,dead
1.6.18.155,dead
1.6.18.201,alive
1.6.18.207,dead
1.6.19.153,dead
1.6.20.35,dead
1.6.20.79,dead
1.6.20.115,dead
1.6.20.117,alive
1.6.20.153,dead
1.6.20.157,dead
1.6.20.193,dead
1.6.22.33,dead
1.6.22.97,dead
1.6.22.218,dead
1.6.23.113,dead
1.6.23.153,dead
1.6.24.192,dead
1.6.24.193,dead
1.6.25.40,dead
1.6.25.41,dead
1.6.25.223,dead
1.6.25.250,dead
1.6.26.33,dead
1.6.26.119,dead
1.6.26.166,dead
1.6.26.181,dead
1.6.26.183,dead
1.6.26.205,dead
1.6.26.217,dead
1.6.26.219,dead
1.6.27.63,dead
1.6.27.86,dead
1.6.27.156,dead
1.6.27.233,dead
1.6.28.126,dead
1.6.28.201,dead
1.6.29.39,dead
1.6.29.237,dead
1.6.29.239,dead
1.6.30.233,dead
1.6.31.235,dead
1.6.32.37,dead
1.6.32.84,dead
1.6.32.87,dead
1.6.32.89,dead
1.6.32.165,dead
1.6.33.245,dead
1.6.34.236,dead
1.6.35.121,dead
1.6.40.165,dead
1.6.40.184,dead
1.6.40.188,dead
1.6.40.189,dead
1.6.40.191,dead
1.6.41.32,dead
1.6.41.82,dead
1.6.41.158,dead
1.6.41.159,dead
1.6.41.193,dead
1.6.42.112,dead
1.6.42.205,dead
1.6.42.222,dead
1.6.42.223,dead
1.6.43.118,dead
1.6.43.235,dead
1.6.44.155,dead
1.6.44.253,dead
1.6.44.255,dead
1.6.45.21,dead
1.6.45.60,dead
1.6.45.89,dead
1.6.45.120,dead
1.6.45.121,dead
1.6.45.205,dead
1.6.46.29,dead
1.6.47.133,dead
1.6.48.227,dead
1.6.52.89,dead
1.6.52.139,dead
1.6.52.161,dead
1.6.52.165,dead
1.6.52.167,dead
1.6.53.81,dead
1.6.54.251,dead
1.6.55.183,dead
1.6.56.90,dead
1.6.56.167,dead
1.6.56.198,dead
1.6.57.251,dead
1.6.59.33,dead
1.6.59.154,dead
1.6.61.202,dead
1.6.61.207,dead
1.6.65.122,dead
1.6.65.245,dead
1.6.66.39,dead
1.6.66.249,dead
1.6.66.251,dead
1.6.67.77,dead
1.6.67.79,dead
1.6.67.113,dead
1.6.67.115,dead
1.6.67.191,dead
1.6.68.38,dead
1.6.68.197,dead
1.6.69.218,dead
1.6.70.66,dead
1.6.70.67,dead
1.6.70.115,dead
1.6.70.153,alive
1.6.70.154,dead
1.6.70.155,dead
1.6.70.233,dead
1.6.70.235,dead
1.6.72.75,dead
1.6.72.77,dead
1.6.72.93,dead
1.6.72.101,dead
1.6.72.155,dead
1.6.72.233,dead
1.6.73.159,dead
1.6.73.241,dead
1.6.74.59,dead
1.6.74.115,dead
1.6.74.167,dead
1.6.74.251,dead
1.6.74.255,dead
1.6.75.119,dead
1.6.75.130,dead
1.6.75.192,dead
1.6.75.254,dead
1.6.77.184,dead
1.6.78.198,dead
1.6.78.226,dead
1.6.79.79,dead
1.6.80.75,dead
1.6.81.197,dead
1.6.82.237,dead
1.6.84.130,dead
1.6.84.131,dead
1.6.85.155,dead
1.6.85.232,dead
1.6.86.28,dead
1.6.87.233,dead
1.6.88.81,dead
1.6.88.184,dead
1.6.88.198,dead
1.6.89.37,dead
1.6.89.76,dead
1.6.89.77,dead
1.6.90.10,dead
1.6.90.113,dead
1.6.90.157,dead
1.6.90.180,dead
1.6.90.192,dead
1.6.90.196,dead
1.6.90.234,dead
1.6.90.239,dead
1.6.91.39,dead
1.6.93.73,dead
1.6.94.79,dead
1.6.95.116,dead
1.6.95.117,dead
1.6.95.161,dead
1.6.95.253,dead
1.6.97.34,dead
1.6.97.39,dead
1.6.98.33,dead
1.6.98.39,dead
1.6.100.16,dead
1.6.100.117,dead
1.6.100.119,alive
1.6.101.2,dead
1.6.101.103,dead
1.6.101.119,dead
1.6.102.78,dead
1.6.102.113,dead
1.6.102.197,alive
1.6.102.218,dead
1.6.102.233,alive
1.6.103.79,dead
1.6.103.113,dead
1.6.104.73,dead
1.6.104.105,dead
1.6.104.115,dead
1.6.104.178,dead
1.6.104.182,alive
1.6.107.3,dead
1.6.108.33,dead
1.6.108.193,alive
1.6.109.38,dead
1.6.109.114,alive
1.6.109.115,dead
1.6.109.233,alive
1.6.110.117,alive
1.6.110.226,alive
1.6.111.72,alive
1.6.111.75,alive
1.6.111.114,alive
1.6.111.157,alive
1.6.112.34,alive
1.6.112.37,alive
1.6.112.73,alive
1.6.112.106,alive
1.6.112.155,alive
1.6.112.157,dead
1.6.112.198,alive
1.6.112.232,alive
1.6.113.37,alive
1.6.113.114,alive
1.6.113.234,alive
1.6.113.237,alive
1.6.114.74,alive
1.6.114.76,alive
1.6.114.115,alive
1.6.114.235,alive
1.6.115.42,alive
1.6.115.157,alive
1.6.116.117,alive
1.6.117.101,alive
1.6.117.103,alive
1.6.117.138,dead
1.6.117.235,alive
1.6.118.130,alive
1.6.118.134,dead
1.6.119.33,alive
1.6.119.123,alive
1.6.119.237,dead
1.6.120.30,alive
1.6.120.33,alive
1.6.120.196,alive
1.6.120.197,alive
1.6.120.237,alive
1.6.121.123,alive
1.6.121.238,alive
1.6.122.99,alive
1.6.123.66,alive
1.6.127.25,alive
1.6.127.27,alive
1.6.127.31,alive
1.6.127.129,dead
1.6.127.133,dead
1.6.127.215,alive
1.6.127.217,dead
1.6.127.221,dead
1.6.127.251,dead
1.6.128.26,dead
1.6.128.41,dead
1.6.128.42,dead
1.6.128.86,dead
1.6.129.98,dead
1.6.129.131,dead
1.6.129.134,dead
1.6.130.41,dead
1.6.130.94,dead
1.6.130.207,dead
1.6.131.18,dead
1.6.131.19,dead
1.6.131.37,dead
1.6.131.39,dead
1.6.131.90,dead
1.6.131.101,dead
1.6.131.165,dead
1.6.132.35,dead
1.6.132.228,dead
1.6.133.141,dead
1.6.133.152,dead
1.6.134.9,dead
1.6.134.13,dead
1.6.134.33,dead
1.6.134.71,dead
1.6.134.115,dead
1.6.134.129,dead
1.6.134.187,dead
1.6.134.193,dead
1.6.134.237,dead
1.6.135.2,dead
1.6.135.134,dead
1.6.135.214,dead
1.6.135.232,dead
1.6.136.17,dead
1.6.136.97,dead
1.6.136.149,dead
1.6.136.150,dead
1.6.136.156,dead
1.6.136.161,dead
1.6.137.49,dead
1.6.137.55,dead
1.6.137.77,dead
1.6.137.79,dead
1.6.137.129,dead
1.6.137.131,dead
1.6.137.163,dead
1.6.137.165,dead
1.6.137.193,dead
1.6.137.195,dead
1.6.137.197,dead
1.6.137.199,dead
1.6.137.249,dead
1.6.137.251,dead
1.6.138.37,dead
1.6.138.117,dead
1.6.138.156,dead
1.6.138.193,dead
1.6.138.194,dead
1.6.138.237,dead
1.6.139.81,dead
1.6.139.83,dead
1.6.139.159,dead
1.6.139.250,dead
1.6.141.39,dead
1.6.141.195,dead
1.6.142.2,dead
1.6.142.75,dead
1.6.143.153,dead
1.6.143.157,dead
1.6.144.32,dead
1.6.144.74,dead
1.6.144.155,dead
1.6.144.241,dead
1.6.145.107,dead
1.6.145.151,dead
1.6.146.37,dead
1.6.146.113,dead
1.6.146.115,dead
1.6.146.169,dead
1.6.146.241,dead
1.6.147.24,dead
1.6.147.72,dead
1.6.147.88,dead
1.6.147.124,dead
1.6.147.132,dead
1.6.147.184,dead
1.6.147.204,dead
1.6.148.4,dead
1.6.148.89,dead
1.6.148.94,dead
1.6.148.95,dead
1.6.149.183,dead
1.6.150.7,dead
1.6.150.163,dead
1.6.150.241,dead
1.6.151.239,dead
1.6.152.161,dead
1.6.152.213,dead
1.6.154.37,dead
1.6.154.113,dead
1.6.154.153,dead
1.6.154.181,dead
1.6.156.25,dead
1.6.156.26,dead
1.6.158.53,dead
1.6.158.73,dead
1.6.158.74,dead
1.6.158.239,dead
1.6.159.27,dead
1.6.159.29,dead
1.6.159.59,dead
1.6.159.61,dead
1.6.159.155,dead
1.6.159.191,dead
1.6.159.234,dead
1.6.159.236,dead
1.6.159.251,dead
1.6.160.34,dead
1.6.160.45,dead
1.6.160.77,dead
1.6.160.117,dead
1.6.162.63,dead
1.6.162.113,dead
1.6.162.154,dead
1.6.163.73,dead
1.6.163.157,dead
1.6.163.195,dead
1.6.163.241,dead
1.6.164.37,dead
1.6.164.93,dead
1.6.164.164,dead
1.6.164.185,dead
1.6.165.65,dead
1.6.165.245,dead
1.6.165.249,dead
1.6.166.7,dead
1.6.166.75,dead
1.6.166.197,dead
1.6.166.235,dead
1.6.167.4,dead
1.6.167.20,dead
1.6.167.72,dead
1.6.167.84,dead
1.6.167.104,dead
1.6.167.116,dead
1.6.167.136,dead
1.6.167.152,dead
1.6.167.184,dead
1.6.167.204,dead
1.6.167.212,dead
1.6.168.36,dead
1.6.168.129,dead
1.6.168.131,dead
1.6.168.133,dead
1.6.168.135,dead
1.6.168.211,dead
1.6.169.225,dead
1.6.170.35,dead
1.6.170.52,dead
1.6.170.77,dead
1.6.170.79,dead
1.6.170.115,dead
1.6.170.155,dead
1.6.170.165,dead
1.6.170.237,dead
1.6.171.43,dead
1.6.171.203,dead
1.6.171.205,dead
1.6.172.25,dead
1.6.172.27,dead
1.6.172.71,dead
1.6.172.229,dead
1.6.173.33,dead
1.6.173.39,dead
1.6.173.119,dead
1.6.173.153,dead
1.6.173.197,dead
1.6.173.235,dead
1.6.173.253,dead
1.6.174.73,dead
1.6.174.75,dead
1.6.174.177,dead
1.6.174.179,dead
1.6.174.219,dead
1.6.174.222,dead
1.6.174.228,dead
1.6.174.240,dead
1.6.174.247,dead
1.6.176.14,dead
1.6.176.25,dead
1.6.176.27,dead
1.6.176.122,dead
1.6.176.155,dead
1.6.176.198,dead
1.6.176.233,dead
1.6.178.250,dead
1.6.179.154,dead
1.6.179.233,dead
1.6.179.237,dead
1.6.180.144,dead
1.6.180.185,dead
1.6.180.191,dead
1.6.181.140,dead
1.6.183.85,dead
1.6.183.161,dead
1.6.183.163,dead
1.6.185.119,dead
1.6.185.158,dead
1.6.187.113,dead
1.6.190.34,dead
1.6.190.213,dead
1.6.191.77,dead
1.6.191.79,dead
1.6.191.130,dead
1.6.191.157,dead
1.6.194.5,dead
1.6.194.71,dead
1.6.194.186,dead
1.6.195.4,dead
1.6.195.124,dead
1.6.195.132,dead
1.6.195.152,dead
1.6.195.164,dead
1.6.195.184,dead
1.6.195.192,dead
1.6.195.221,dead
1.6.195.232,dead
1.6.196.43,dead
1.6.196.129,dead
1.6.196.195,alive
1.6.196.229,dead
1.6.197.89,dead
1.6.199.89,dead
1.6.200.8,dead
1.6.201.72,dead
1.6.204.34,dead
1.6.204.77,dead
1.6.204.100,dead
1.6.204.124,dead
1.6.204.132,dead
1.6.204.152,dead
1.6.206.33,dead
1.6.206.69,dead
1.6.206.107,dead
1.6.206.147,dead
1.6.206.191,dead
1.6.207.39,dead
1.6.207.77,dead
1.6.207.117,dead
1.6.207.155,dead
1.6.207.223,dead
1.6.207.243,dead
1.6.208.35,dead
1.6.208.73,dead
1.6.208.119,dead
1.6.209.33,dead
1.6.209.35,dead
1.6.209.117,dead
1.6.209.119,dead
1.6.209.153,dead
1.6.210.130,dead
1.6.210.213,dead
1.6.210.215,dead
1.6.211.0,dead
1.6.211.7,dead
1.6.211.117,dead
1.6.211.161,dead
1.6.211.167,dead
1.6.211.217,dead
1.6.212.10,dead
1.6.212.15,dead
1.6.212.35,dead
1.6.212.110,dead
1.6.212.145,dead
1.6.212.147,dead
1.6.212.163,dead
1.6.213.19,dead
1.6.213.23,dead
1.6.213.82,dead
1.6.213.83,dead
1.6.213.91,dead
1.6.213.95,dead
1.6.213.97,dead
1.6.213.175,dead
1.6.213.238,dead
1.6.214.42,dead
1.6.214.47,dead
1.6.214.109,dead
1.6.214.167,dead
1.6.214.210,dead
1.6.215.54,dead
1.6.215.83,dead
1.6.215.86,dead
1.6.215.118,dead
1.6.216.90,dead
1.6.216.167,dead
1.6.216.243,dead
1.6.217.1,dead
1.6.217.135,dead
1.6.218.104,dead
1.6.218.178,dead
1.6.218.182,dead
1.6.218.192,dead
1.6.218.217,dead
1.6.220.194,dead
1.6.220.199,dead
1.6.220.243,dead
1.6.222.33,dead
1.6.222.34,dead
1.6.222.38,dead
1.6.222.135,dead
1.6.222.154,dead
1.6.222.185,dead
1.6.222.188,dead
1.6.222.235,dead
1.6.223.81,dead
1.6.224.187,dead
1.6.224.193,dead
1.6.225.39,dead
1.6.228.89,dead
1.6.229.89,dead
1.6.231.43,dead
1.6.231.89,dead
1.6.231.91,dead
1.6.231.93,dead
1.6.231.95,dead
1.6.231.129,dead
1.6.231.133,dead
1.6.231.165,dead
1.6.231.167,dead
1.6.231.227,dead
1.6.232.42,dead
1.6.232.43,dead
1.6.232.45,dead
1.6.232.203,dead
1.6.232.242,dead
1.6.232.243,dead
1.6.232.247,dead
1.6.233.57,dead
1.6.235.78,dead
1.6.235.110,dead
1.6.237.77,dead
1.6.239.48,dead
1.6.239.82,dead
1.6.239.175,dead
1.6.239.221,dead
1.6.240.54,dead
1.6.240.193,dead
1.6.245.192,dead
1.6.245.204,dead
1.6.245.220,dead
1.6.246.18,dead
1.6.246.20,dead
1.6.247.116,dead
1.6.247.117,dead
1.6.247.204,dead
1.6.250.193,dead
1.6.250.223,dead
1.6.251.8,dead
1.6.251.35,dead
1.6.251.39,dead
1.6.251.44,dead
1.6.251.55,dead
1.6.251.158,dead
1.6.251.168,dead
1.6.251.178,dead
1.6.251.211,dead
1.6.253.243,dead
1.6.254.8,dead
1.6.254.58,dead
1.6.254.64,dead
1.6.254.70,dead
1.6.254.110,dead
1.6.254.112,dead
1.6.254.132,dead
1.6.255.88,dead
1.6.255.237,dead
1.7.3.101,dead
1.7.3.102,dead
1.7.3.137,dead
1.7.3.161,dead
1.7.4.9,dead
1.7.4.10,dead
1.7.4.11,dead
1.7.4.69,dead
1.7.4.70,dead
1.7.4.73,dead
1.7.4.97,dead
1.7.4.214,dead
1.7.5.31,dead
1.7.5.69,dead
1.7.5.133,dead
1.7.5.159,dead
1.7.5.187,dead
1.7.5.205,dead
1.7.5.230,dead
1.7.6.10,dead
1.7.6.241,dead
1.7.7.63,dead
1.7.7.107,dead
1.7.16.2,dead
1.7.16.65,dead
1.7.16.67,dead
1.7.17.42,dead
1.7.17.71,dead
1.7.17.74,dead
1.7.17.222,dead
1.7.19.11,dead
1.7.19.90,dead
1.7.19.93,dead
1.7.19.193,dead
1.7.19.209,dead
1.7.19.210,dead
1.7.19.214,dead
1.7.20.17,dead
1.7.20.18,dead
1.7.20.23,dead
1.7.20.92,dead
1.7.20.131,dead
1.7.20.133,dead
1.7.20.135,dead
1.7.20.169,dead
1.7.21.7,dead
1.7.21.47,dead
1.7.21.82,dead
1.7.21.142,dead
1.7.21.213,dead
1.7.22.135,dead
1.7.22.209,alive
1.7.22.213,dead
1.7.23.33,dead
1.7.23.209,dead
1.7.24.213,dead
1.7.25.40,dead
1.7.25.119,dead
1.7.25.204,dead
1.7.25.213,dead
1.7.26.15,dead
1.7.26.54,dead
1.7.26.114,dead
1.7.26.133,alive
1.7.27.42,alive
1.7.27.86,dead
1.7.27.198,dead
1.7.28.45,dead
1.7.28.66,alive
1.7.28.103,alive
1.7.28.155,alive
1.7.29.10,alive
1.7.29.158,alive
1.7.29.162,alive
1.7.29.191,alive
1.7.29.239,alive
1.7.30.2,alive
1.7.30.18,alive
1.7.30.112,alive
1.7.30.188,alive
1.7.31.52,dead
1.7.31.70,alive
1.7.32.18,alive
1.7.32.42,alive
1.7.32.96,alive
1.7.32.98,alive
1.7.32.120,alive
1.7.32.125,alive
1.7.32.158,alive
1.7.32.190,alive
1.7.33.33,alive
1.7.33.35,alive
1.7.33.42,dead
1.7.34.6,alive
1.7.34.24,alive
1.7.34.30,alive
1.7.34.66,alive
1.7.34.68,alive
1.7.34.110,alive
1.7.34.140,alive
1.7.34.143,alive
1.7.34.172,alive
1.7.34.174,alive
1.7.35.2,alive
1.7.35.4,alive
1.7.35.32,alive
1.7.35.36,alive
1.7.35.96,alive
1.7.35.142,alive
1.7.35.178,alive
1.7.35.182,alive
1.7.35.192,alive
1.7.35.194,alive
1.7.35.236,alive
1.7.36.6,alive
1.7.36.52,alive
1.7.36.88,alive
1.7.36.90,alive
1.7.36.94,alive
1.7.36.130,dead
1.7.36.134,dead
1.7.36.168,dead
1.7.36.194,dead
1.7.36.196,dead
1.7.36.198,dead
1.7.36.251,dead
1.7.36.254,dead
1.7.37.4,dead
1.7.37.6,dead
1.7.37.92,dead
1.7.37.110,dead
1.7.37.170,dead
1.7.37.208,dead
1.7.37.240,dead
1.7.37.244,dead
1.7.37.246,dead
1.7.38.2,dead
1.7.38.44,dead
1.7.38.83,dead
1.7.38.85,dead
1.7.38.108,dead
1.7.38.151,dead
1.7.38.195,dead
1.7.38.225,dead
1.7.38.226,dead
1.7.38.244,dead
1.7.39.32,dead
1.7.39.36,dead
1.7.39.107,dead
1.7.39.108,dead
1.7.39.143,dead
1.7.39.170,dead
1.7.39.192,dead
1.7.39.195,dead
1.7.39.196,dead
1.7.40.26,dead
1.7.40.48,dead
1.7.40.199,dead
1.7.40.243,dead
1.7.41.48,dead
1.7.41.96,dead
1.7.41.133,dead
1.7.41.135,dead
1.7.41.176,dead
1.7.41.219,dead
1.7.41.225,dead
1.7.42.72,dead
1.7.42.76,dead
1.7.42.78,dead
1.7.42.113,dead
1.7.42.115,dead
1.7.42.146,dead
1.7.42.184,dead
1.7.42.230,dead
1.7.43.11,dead
1.7.43.15,dead
1.7.43.43,dead
1.7.43.80,dead
1.7.43.122,dead
1.7.43.163,dead
1.7.43.166,dead
1.7.43.229,dead
1.7.44.42,dead
1.7.44.46,dead
1.7.44.75,dead
1.7.44.76,dead
1.7.44.78,dead
1.7.44.138,dead
1.7.44.170,dead
1.7.44.172,dead
1.7.45.10,dead
1.7.45.82,dead
1.7.45.146,dead
1.7.45.198,dead
1.7.45.218,dead
1.7.45.223,dead
1.7.45.237,dead
1.7.45.242,dead
1.7.46.19,dead
1.7.46.22,dead
1.7.46.114,dead
1.7.46.162,dead
1.7.46.178,dead
1.7.46.235,dead
1.7.47.13,dead
1.7.47.52,dead
1.7.47.82,dead
1.7.47.86,dead
1.7.47.97,dead
1.7.47.101,dead
1.7.47.181,dead
1.7.47.182,dead
1.7.47.206,dead
1.7.47.250,dead
1.7.47.253,dead
1.7.47.254,dead
1.7.48.5,dead
1.7.48.52,dead
1.7.48.115,dead
1.7.48.116,dead
1.7.48.153,dead
1.7.48.157,dead
1.7.48.159,dead
1.7.48.192,dead
1.7.48.199,dead
1.7.48.218,dead
1.7.48.222,dead
1.7.49.83,dead
1.7.49.87,dead
1.7.49.105,dead
1.7.49.111,dead
1.7.49.185,dead
1.7.49.187,dead
1.7.49.242,dead
1.7.50.13,dead
1.7.50.90,dead
1.7.50.93,dead
1.7.50.120,dead
1.7.50.214,dead
1.7.50.237,dead
1.7.50.242,dead
1.7.50.246,dead
1.7.51.41,dead
1.7.51.87,dead
1.7.51.171,dead
1.7.51.173,dead
1.7.51.188,dead
1.7.52.207,dead
1.7.52.254,dead
1.7.53.42,dead
1.7.53.130,dead
1.7.54.4,dead
1.7.54.159,dead
1.7.54.190,dead
1.7.81.31,dead
1.7.81.65,dead
1.7.81.153,dead
1.7.81.158,dead
1.7.81.169,dead
1.7.81.173,dead
1.7.81.237,dead
1.7.81.239,dead
1.7.82.31,dead
1.7.82.123,dead
1.7.82.160,dead
1.7.83.5,dead
1.7.83.7,dead
1.7.83.54,dead
1.7.83.250,dead
1.7.83.253,dead
1.7.84.29,dead
1.7.84.99,dead
1.7.84.102,dead
1.7.84.130,dead
1.7.84.135,dead
1.7.84.165,dead
1.7.84.252,dead
1.7.85.35,dead
1.7.85.203,dead
1.7.85.225,dead
1.7.86.86,dead
1.7.86.205,dead
1.7.87.80,dead
1.7.87.81,dead
1.7.87.85,dead
1.7.87.86,dead
1.7.87.87,dead
1.7.88.166,dead
1.7.89.35,dead
1.7.89.123,dead
1.7.89.145,dead
1.7.89.174,dead
1.7.89.175,dead
1.7.89.177,dead
1.7.89.178,dead
1.7.89.213,dead
1.7.90.66,dead
1.7.90.170,dead
1.7.90.186,dead
1.7.90.229,dead
1.7.91.157,dead
1.7.92.47,dead
1.7.92.80,dead
1.7.92.82,dead
1.7.92.189,dead
1.7.93.8,dead
1.7.93.13,dead
1.7.93.81,dead
1.7.93.114,dead
1.7.93.115,dead
1.7.93.121,dead
1.7.95.54,dead
1.7.95.130,dead
1.7.95.138,dead
1.7.96.113,dead
1.7.97.58,dead
1.7.97.157,dead
1.7.97.220,dead
1.7.97.222,dead
1.7.98.62,dead
1.7.99.75,dead
1.7.99.151,dead
1.7.99.236,dead
1.7.99.237,dead
1.7.100.40,dead
1.7.100.41,dead
1.7.100.172,dead
1.7.100.173,dead
1.7.100.174,dead
1.7.100.175,dead
1.7.100.219,dead
1.7.101.117,dead
1.7.101.250,dead
1.7.101.254,dead
1.7.102.34,dead
1.7.102.147,dead
1.7.102.233,dead
1.7.102.238,dead
1.7.103.42,dead
1.7.103.43,dead
1.7.103.109,dead
1.7.103.139,dead
1.7.103.143,dead
1.7.103.178,dead
1.7.103.180,dead
1.7.104.43,dead
1.7.104.91,dead
1.7.104.94,dead
1.7.104.122,dead
1.7.104.126,dead
1.7.105.34,dead
1.7.105.38,dead
1.7.105.83,dead
1.7.105.110,dead
1.7.105.124,dead
1.7.105.127,dead
1.7.131.2,dead
1.7.131.27,dead
1.7.131.62,dead
1.7.131.76,dead
1.7.131.85,dead
1.7.131.92,dead
1.7.131.116,dead
1.7.131.142,dead
1.7.131.193,dead
1.7.132.51,dead
1.7.132.141,dead
1.7.133.89,dead
1.7.133.131,dead
1.7.133.211,dead
1.7.133.213,dead
1.7.133.253,dead
1.7.134.113,dead
1.7.134.119,dead
1.7.134.198,dead
1.7.134.235,dead
1.7.134.239,dead
1.7.134.245,dead
1.7.134.249,dead
1.7.135.167,dead
1.7.138.121,dead
1.7.138.161,dead
1.7.139.10,dead
1.7.139.74,dead
1.7.139.87,dead
1.7.139.121,dead
1.7.139.251,dead
1.7.140.147,dead
1.7.141.98,dead
1.7.141.134,dead
1.7.141.206,dead
1.7.142.157,dead
1.7.143.162,dead
1.7.143.163,dead
1.7.143.177,dead
1.7.143.181,dead
1.7.144.37,dead
1.7.144.73,dead
1.7.144.75,dead
1.7.144.77,dead
1.7.144.113,dead
1.7.144.191,dead
1.7.144.207,dead
1.7.144.218,dead
1.7.145.203,dead
1.7.145.205,dead
1.7.145.253,dead
1.7.146.55,dead
1.7.146.81,dead
1.7.146.82,dead
1.7.146.92,dead
1.7.146.93,dead
1.7.146.114,dead
1.7.146.235,dead
1.7.146.239,dead
1.7.146.251,dead
1.7.147.98,dead
1.7.147.165,dead
1.7.150.21,dead
1.7.150.215,dead
1.7.151.194,dead
1.7.152.99,dead
1.7.152.101,dead
1.7.152.127,dead
1.7.152.197,dead
1.7.152.202,dead
1.7.152.204,dead
1.7.152.251,dead
1.7.152.253,dead
1.7.153.73,dead
1.7.153.75,dead
1.7.153.201,dead
1.7.154.91,dead
1.7.154.93,dead
1.7.154.153,dead
1.7.155.14,dead
1.7.155.22,dead
1.7.155.99,dead
1.7.155.139,dead
1.7.155.179,dead
1.7.155.217,dead
1.7.156.141,dead
1.7.156.143,dead
1.7.157.69,dead
1.7.157.71,dead
1.7.157.139,dead
1.7.157.141,dead
1.7.157.185,dead
1.7.157.187,dead
1.7.157.189,dead
1.7.157.191,dead
1.7.157.217,dead
1.7.158.161,dead
1.7.158.163,dead
1.7.158.165,dead
1.7.158.169,dead
1.7.158.177,dead
1.7.158.214,dead
1.7.158.217,dead
1.7.158.221,dead
1.7.159.41,dead
1.7.159.43,dead
1.7.159.45,dead
1.7.159.47,dead
1.7.159.175,dead
1.7.159.229,dead
1.7.160.53,dead
1.7.160.107,dead
1.7.160.108,dead
1.7.160.109,dead
1.7.160.111,dead
1.7.160.146,dead
1.7.160.147,dead
1.7.160.242,dead
1.7.162.193,dead
1.7.163.19,dead
1.7.163.183,dead
1.7.163.207,dead
1.7.164.25,dead
1.7.164.27,dead
1.7.164.65,dead
1.7.164.97,dead
1.7.164.105,dead
1.7.164.131,dead
1.7.164.135,dead
1.7.164.169,dead
1.7.164.170,dead
1.7.164.173,dead
1.7.164.174,dead
1.7.164.193,dead
1.7.164.195,alive
1.7.164.199,dead
1.7.165.41,dead
1.7.165.43,dead
1.7.165.150,dead
1.7.165.151,dead
1.7.166.16,dead
1.7.166.113,dead
1.7.166.114,dead
1.7.166.145,dead
1.7.167.130,dead
1.7.167.217,dead
1.7.167.218,dead
1.7.168.23,dead
1.7.168.81,dead
1.7.168.98,dead
1.7.168.162,dead
1.7.168.166,dead
1.7.168.174,dead
1.7.169.139,dead
1.7.169.211,dead
1.7.170.73,dead
1.7.170.190,dead
1.7.170.225,dead
1.7.171.73,dead
1.7.171.169,dead
1.7.172.25,dead
1.7.172.27,dead
1.7.172.83,dead
1.7.172.117,dead
1.7.172.225,dead
1.7.173.7,dead
1.7.173.53,dead
1.7.174.39,dead
1.7.174.73,dead
1.7.174.169,dead
1.7.174.175,dead
1.7.175.9,dead
1.7.176.85,dead
1.7.176.143,dead
1.7.177.166,dead
1.7.177.254,dead
1.7.179.88,dead
1.7.179.95,dead
1.7.179.128,dead
1.7.181.81,dead
1.7.182.133,dead
1.7.183.161,dead
1.7.183.174,dead
1.7.183.243,dead
1.7.183.245,dead
1.7.184.178,dead
1.7.184.180,dead
1.7.184.231,dead
1.7.184.235,dead
1.7.185.17,dead
1.7.185.29,dead
1.7.185.73,dead
1.7.185.75,dead
1.7.185.101,dead
1.7.185.161,dead
1.7.185.173,dead
1.7.186.23,alive
1.7.186.95,dead
1.7.186.253,dead
1.7.188.82,dead
1.7.188.233,dead
1.7.189.9,dead
1.7.189.43,dead
1.7.189.46,dead
1.7.189.107,dead
1.7.189.109,dead
1.7.189.115,dead
1.7.189.119,dead
1.7.189.162,dead
1.7.189.169,dead
1.7.189.175,dead
1.7.189.207,alive
1.7.192.10,dead
1.7.192.125,alive
1.7.192.131,alive
1.7.192.234,dead
1.7.193.131,dead
1.7.194.70,alive
1.7.194.81,alive
1.7.194.129,dead
1.7.194.130,alive
1.7.194.203,alive
1.7.194.226,alive
1.7.195.72,dead
1.7.195.98,alive
1.7.195.147,dead
1.7.196.160,alive
1.7.196.214,alive
1.7.197.1,alive
1.7.197.156,alive
1.7.198.166,alive
1.7.199.38,alive
1.7.199.46,alive
1.7.199.99,alive
1.7.199.203,alive
1.7.200.4,dead
1.7.200.20,dead
1.7.200.36,dead
1.7.202.68,dead
1.7.202.84,dead
1.7.202.148,dead
1.7.202.164,dead
1.7.202.180,dead
1.7.204.33,alive
1.7.204.39,alive
1.7.204.73,alive
1.7.204.79,alive
1.7.204.155,alive
1.7.204.159,alive
1.7.204.199,alive
1.7.204.237,alive
1.7.206.77,alive
1.7.206.78,alive
1.7.206.213,alive
1.7.206.241,alive
1.7.207.38,alive
1.7.207.67,alive
1.7.207.153,alive
1.7.207.163,alive
1.7.207.165,alive
1.7.207.167,alive
1.7.208.42,alive
1.7.208.47,alive
1.11.151.166,dead
1.11.151.170,dead
1.11.151.174,alive
1.11.151.178,dead
1.11.151.182,dead
1.11.151.186,dead
1.11.151.190,dead
1.11.151.194,dead
1.11.200.2,dead
1.12.0.2,alive
1.12.177.1,dead
1.13.147.1,dead
1.13.147.129,dead
1.20.81.87,dead
1.20.81.190,dead
1.20.92.65,dead
1.20.92.166,dead
1.20.96.1,dead
1.20.96.45,dead
1.20.100.1,dead
1.20.100.30,dead
1.20.121.254,dead
1.20.125.130,dead
1.20.125.132,dead
1.20.126.130,dead
1.20.126.132,dead
1.20.137.1,dead
1.20.137.92,dead
1.20.137.109,dead
1.20.137.131,dead
1.20.137.159,dead
1.20.140.4,dead
1.20.140.17,dead
1.20.140.19,dead
1.20.140.21,dead
1.20.143.159,dead
1.20.143.247,dead
1.20.145.1,dead
1.20.145.61,dead
1.20.145.192,dead
1.20.156.49,dead
1.20.156.50,dead
1.20.156.55,dead
1.20.156.69,dead
1.20.156.196,dead
1.20.165.5,dead
1.20.165.6,dead
1.20.170.82,dead
1.20.176.38,dead
1.20.176.39,dead
1.20.176.46,dead
1.20.176.62,dead
1.20.195.9,dead
1.20.198.243,dead
1.20.198.244,dead
1.20.198.252,dead
1.20.198.254,dead
1.20.199.1,dead
1.20.199.130,dead
1.20.199.161,dead
1.20.200.65,dead
1.20.200.208,dead
1.20.202.14,dead
1.20.217.1,dead
1.20.217.137,dead
1.20.217.143,dead
1.20.217.150,dead
1.20.217.154,dead
1.20.217.167,dead
1.20.217.178,dead
1.20.217.219,dead
1.20.217.243,dead
1.20.220.1,dead
1.20.220.62,dead
1.20.220.103,dead
1.20.225.187,dead
1.20.227.146,dead
1.20.227.152,dead
1.20.235.165,dead
1.21.44.73,dead
1.21.44.81,dead
1.21.44.113,dead
1.21.44.117,dead
1.21.44.125,dead
1.21.44.133,dead
1.21.44.141,dead
1.21.44.145,dead
1.21.44.161,dead
1.21.44.169,dead
1.21.44.177,dead
1.21.44.185,dead
1.21.44.193,dead
1.21.44.197,dead
1.21.44.201,dead
1.21.44.213,dead
1.21.44.217,dead
1.21.44.225,dead
1.21.44.241,dead
1.21.45.2,dead
1.21.45.10,dead
1.21.45.18,dead
1.21.45.26,dead
1.21.45.42,dead
1.21.45.146,dead
1.21.45.186,dead
1.21.45.202,dead
1.21.45.210,dead
1.21.45.218,dead
1.21.46.2,dead
1.21.46.10,dead
1.21.46.34,dead
1.21.46.37,dead
1.21.46.50,dead
1.21.46.53,dead
1.21.46.66,dead
1.21.46.74,dead
1.21.46.82,dead
1.21.46.90,dead
1.21.46.98,dead
1.21.46.106,dead
1.21.46.109,dead
1.21.46.114,dead
1.21.46.146,dead
1.21.46.149,dead
1.21.46.154,dead
1.21.46.162,dead
1.21.47.17,dead
1.21.47.25,dead
1.21.47.29,dead
1.21.59.61,dead
1.22.5.10,dead
1.22.37.37,dead
1.22.37.45,dead
1.22.37.73,dead
1.22.37.93,dead
1.22.55.250,dead
1.22.114.164,dead
1.22.137.50,dead
1.22.152.18,dead
1.22.156.1,dead
1.22.156.42,dead
1.22.156.153,dead
1.22.156.161,dead
1.22.156.193,dead
1.22.158.126,dead
1.22.172.146,dead
1.22.172.198,dead
1.22.180.162,dead
1.22.196.70,dead
1.22.214.50,dead
1.22.231.32,dead
1.23.12.66,dead
1.23.17.150,dead
1.23.25.42,dead
1.23.25.129,dead
1.23.32.66,dead
1.23.46.66,dead
1.23.49.66,dead
1.23.50.66,dead
1.23.53.66,dead
1.23.54.66,dead
1.23.63.3,dead
1.23.63.13,dead
1.23.63.37,dead
1.23.63.149,dead
1.23.63.181,dead
1.23.63.226,dead
1.23.119.236,dead
1.23.144.171,dead
1.23.145.166,dead
1.23.164.41,dead
1.23.164.42,dead
1.23.164.123,dead
1.23.164.150,dead
1.23.165.41,dead
1.23.165.237,dead
1.23.165.245,dead
1.23.185.70,dead
1.23.185.74,dead
1.23.240.226,dead
1.23.242.22,dead
1.23.242.98,dead
1.24.80.130,dead
1.24.189.66,dead
1.24.191.78,dead
1.24.210.46,dead
1.24.210.50,dead
1.24.210.54,dead
1.24.246.219,dead
1.25.25.1,dead
1.25.36.26,dead
1.25.36.30,dead
1.25.36.78,dead
1.25.36.106,dead
1.25.36.114,dead
1.25.240.254,dead
1.26.37.162,dead
1.26.89.2,dead
1.27.109.2,dead
1.27.109.6,dead
1.27.109.34,dead
1.27.109.38,dead
1.27.109.42,dead
1.27.109.46,dead
1.27.109.86,dead
1.27.109.90,dead
1.27.109.102,dead
1.27.109.106,dead
1.27.109.118,dead
1.27.109.122,dead
1.27.109.245,dead
1.27.109.246,dead
1.27.204.1,dead
1.27.204.5,dead
1.27.204.9,dead
1.27.204.13,dead
1.27.204.17,dead
1.27.204.21,dead
1.27.204.25,dead
1.27.204.29,dead
1.27.204.82,dead
1.27.204.86,dead
1.27.204.110,dead
1.27.204.114,dead
1.27.204.145,dead
1.27.204.146,dead
1.27.204.149,dead
1.27.204.150,dead
1.27.207.98,dead
1.27.224.22,dead
1.27.224.26,dead
1.27.224.30,dead
1.27.224.34,dead
1.27.224.42,dead
1.27.224.46,dead
1.28.9.254,dead
1.28.40.82,dead
1.28.40.90,dead
1.28.76.34,dead
1.28.124.30,dead
1.28.124.42,dead
1.28.124.50,dead
1.28.124.62,dead
1.28.124.66,dead
1.28.124.74,dead
1.28.124.78,dead
1.28.124.86,dead
1.28.124.90,dead
1.28.124.106,dead
1.28.124.154,dead
1.28.124.158,dead
1.28.124.162,dead
1.28.124.166,dead
1.28.124.170,dead
1.28.124.174,dead
1.28.124.178,dead
1.28.124.182,dead
1.28.124.186,dead
1.28.124.190,dead
1.28.124.194,dead
1.28.124.206,dead
1.28.124.210,dead
1.28.124.214,dead
1.28.124.218,dead
1.28.124.222,dead
1.28.124.226,dead
1.28.124.230,dead
1.28.124.234,dead
1.28.124.238,dead
1.28.124.242,dead
1.28.124.246,dead
1.28.124.250,dead
1.28.146.54,dead
1.28.146.70,dead
1.29.4.1,dead
1.29.4.2,dead
1.29.4.6,dead
1.29.4.21,dead
1.29.5.2,dead
1.29.5.6,dead
1.29.6.122,dead
1.29.6.126,dead
1.29.161.194,dead
1.29.161.198,dead
1.29.161.202,dead
1.29.161.206,dead
1.30.16.178,dead
1.30.17.225,dead
1.30.17.226,dead
1.30.130.94,dead
1.30.131.110,dead
1.30.133.122,dead
1.31.94.26,dead
1.31.94.38,dead
1.31.94.42,dead
1.31.94.46,dead
1.31.94.50,dead
1.31.94.54,dead
1.31.94.78,dead
1.31.94.90,dead
1.31.94.102,dead
1.31.94.106,dead
1.31.109.161,dead
1.31.124.2,dead
1.31.124.6,dead
1.32.0.254,dead
1.32.1.254,dead
1.32.7.254,dead
1.32.15.254,dead
1.32.21.254,dead
1.32.29.254,dead
1.32.34.254,dead
1.32.37.126,dead
1.32.38.254,dead
1.32.56.53,dead
1.32.56.69,dead
1.32.56.81,dead
1.32.56.89,dead
1.32.56.101,dead
1.32.56.149,dead
1.32.56.157,dead
1.32.56.165,dead
1.32.56.177,dead
1.32.56.241,dead
1.32.57.13,dead
1.32.57.81,dead
1.32.57.85,dead
1.32.57.93,dead
1.32.57.113,dead
1.32.57.117,dead
1.32.57.145,dead
1.32.57.161,dead
1.32.57.169,dead
1.32.57.173,dead
1.32.57.213,dead
1.32.57.217,dead
1.32.58.1,dead
1.32.58.33,dead
1.32.58.41,dead
1.32.58.49,dead
1.32.58.73,dead
1.32.58.97,dead
1.32.58.113,dead
1.32.58.121,dead
1.32.58.137,dead
1.32.58.153,dead
1.32.58.201,dead
1.32.58.241,dead
1.32.59.1,dead
1.32.59.17,dead
1.32.59.41,dead
1.32.59.73,dead
1.32.59.81,dead
1.32.59.97,dead
1.32.59.129,dead
1.32.59.153,dead
1.32.59.209,dead
1.32.59.225,dead
1.32.59.241,dead
1.32.62.1,dead
1.32.62.25,dead
1.32.62.49,dead
1.32.62.105,dead
1.32.62.121,dead
1.32.62.129,dead
1.32.62.169,dead
1.32.62.225,dead
1.32.62.241,dead
1.32.62.249,dead
1.32.63.1,dead
1.32.63.9,dead
1.32.63.33,dead
1.32.63.49,dead
1.32.63.89,dead
1.32.63.105,dead
1.32.63.113,dead
1.32.63.137,dead
1.32.63.153,dead
1.32.63.161,dead
1.32.63.169,dead
1.32.63.177,dead
1.32.63.249,dead
1.32.96.41,dead
1.32.96.65,dead
1.32.96.89,dead
1.32.96.145,dead
1.32.96.217,dead
1.32.96.225,dead
1.32.96.233,dead
1.32.96.249,dead
1.32.97.49,dead
1.32.97.57,dead
1.32.97.73,dead
1.32.97.89,dead
1.32.97.113,dead
1.32.97.185,dead
1.32.105.3,dead
1.32.244.162,dead
1.33.57.2,dead
1.33.129.9,dead
1.33.129.57,dead
1.33.129.81,dead
1.33.129.120,dead
1.33.129.161,dead
1.33.129.185,dead
1.33.129.193,dead
1.33.130.22,dead
1.33.136.33,dead
1.33.136.41,dead
1.33.136.65,dead
1.33.136.113,dead
1.33.136.137,dead
1.33.136.161,dead
1.33.136.201,dead
1.33.136.209,dead
1.33.136.225,dead
1.33.136.249,dead
1.33.137.25,dead
1.33.137.65,dead
1.33.137.161,dead
1.33.137.182,dead
1.33.137.225,dead
1.33.193.78,dead
1.33.195.41,dead
1.33.195.57,dead
1.33.195.121,dead
1.33.196.1,dead
1.33.196.9,dead
1.33.196.17,dead
1.33.196.57,dead
1.33.196.113,dead
1.33.196.130,dead
1.33.196.161,dead
1.33.196.184,dead
1.33.196.225,dead
1.33.197.49,dead
1.33.197.65,dead
1.33.197.129,dead
1.33.197.177,dead
1.33.197.224,dead
1.33.199.25,dead
1.33.199.32,dead
1.33.199.48,dead
1.33.199.65,dead
1.33.199.147,dead
1.33.199.185,dead
1.33.199.193,dead
1.33.199.225,dead
1.33.199.249,dead
1.33.202.25,dead
1.33.202.49,dead
1.33.204.1,dead
1.33.204.96,dead
1.33.204.110,dead
1.33.204.121,dead
1.33.204.145,dead
1.33.204.153,dead
1.33.204.209,dead
1.33.205.153,dead
1.33.205.185,dead
1.34.102.177,dead
1.34.166.68,dead
1.34.241.237,dead
1.35.28.33,dead
1.37.14.249,dead
1.37.14.250,dead
1.37.14.253,dead
1.37.14.254,dead
1.37.18.1,alive
1.37.18.2,alive
1.37.18.9,alive
1.37.18.10,alive
1.37.18.17,alive
1.37.18.18,alive
1.37.18.21,alive
1.37.18.22,alive
1.37.18.25,alive
1.37.18.26,alive
1.37.18.45,alive
1.37.18.46,alive
1.37.18.57,alive
1.37.18.58,alive
1.37.18.69,alive
1.37.18.70,alive
1.37.18.81,alive
1.37.18.82,alive
1.37.18.89,alive
1.37.18.90,alive
1.37.18.93,alive
1.37.18.97,alive
1.37.18.98,alive
1.37.18.113,alive
1.37.18.117,alive
1.37.18.118,alive
1.37.18.121,alive
1.37.18.122,alive
1.37.18.125,alive
1.37.18.126,alive
1.37.18.133,alive
1.37.18.134,alive
1.44.107.26,dead
1.44.107.38,dead
1.44.107.66,dead
1.44.107.106,dead
1.44.107.142,dead
1.44.107.162,dead
1.44.107.166,dead
1.44.107.186,dead
1.44.107.241,dead
1.44.110.94,dead
1.44.110.122,dead
1.44.111.14,dead
1.44.111.38,dead
1.44.111.78,dead
1.44.111.114,dead
1.44.111.138,dead
1.44.111.142,dead
1.44.111.162,dead
1.44.113.2,dead
1.44.113.6,dead
1.44.113.114,dead
1.44.113.133,dead
1.44.113.137,dead
1.44.113.170,dead
1.44.113.178,dead
1.44.113.182,dead
1.44.113.202,dead
1.44.113.229,dead
1.44.114.74,dead
1.44.114.77,dead
1.44.114.89,dead
1.44.114.102,dead
1.44.114.106,dead
1.44.114.114,dead
1.44.114.138,dead
1.44.116.73,dead
1.44.117.38,dead
1.44.117.94,dead
1.44.117.117,dead
1.44.117.138,dead
1.44.117.205,dead
1.44.118.21,dead
1.44.118.50,dead
1.44.118.150,dead
1.44.118.236,dead
1.44.119.86,dead
1.44.119.122,dead
1.44.119.162,dead
1.44.121.117,dead
1.44.121.121,dead
1.44.122.38,dead
1.44.122.42,dead
1.44.122.134,dead
1.44.122.138,dead
1.44.122.154,dead
1.44.122.170,dead
1.44.122.181,dead
1.44.122.186,dead
1.44.122.198,dead
1.44.122.222,dead
1.44.123.2,dead
1.44.123.6,dead
1.44.123.26,dead
1.44.123.42,dead
1.44.123.97,dead
1.44.123.114,dead
1.44.123.222,dead
1.44.124.10,dead
1.44.124.29,dead
1.44.124.38,dead
1.44.124.42,dead
1.44.124.50,dead
1.44.124.166,dead
1.44.124.197,dead
1.44.125.2,dead
1.44.125.18,dead
1.44.125.34,dead
1.44.125.49,dead
1.44.125.90,dead
1.44.125.94,dead
1.44.125.194,dead
1.44.125.205,dead
1.44.125.206,dead
1.44.125.214,dead
1.44.125.226,dead
1.44.126.10,dead
1.44.126.58,dead
1.44.126.86,dead
1.44.126.142,dead
1.44.126.242,dead
1.44.126.246,dead
1.44.127.1,dead
1.44.127.10,dead
1.44.127.18,dead
1.44.127.30,dead
1.44.127.238,dead
1.44.144.106,dead
1.44.144.110,dead
1.44.144.165,dead
1.44.144.170,dead
1.44.145.18,dead
1.44.145.102,dead
1.44.145.125,dead
1.44.145.150,dead
1.44.145.158,dead
1.44.145.182,dead
1.44.145.186,dead
1.44.147.110,dead
1.44.147.182,dead
1.44.147.237,dead
1.44.148.9,dead
1.44.150.18,dead
1.44.150.65,dead
1.44.150.190,dead
1.44.150.222,dead
1.44.151.90,dead
1.44.151.114,dead
1.44.151.130,dead
1.44.151.150,dead
1.44.151.198,dead
1.44.151.202,dead
1.44.151.206,dead
1.44.152.57,dead
1.44.152.105,dead
1.44.152.114,dead
1.44.152.174,dead
1.44.152.253,dead
1.44.153.26,dead
1.44.153.161,dead
1.44.153.182,dead
1.44.153.242,dead
1.44.155.98,dead
1.44.156.13,dead
1.44.156.33,dead
1.44.156.42,dead
1.44.156.54,dead
1.44.156.106,dead
1.44.156.145,dead
1.44.156.169,dead
1.44.156.189,dead
1.44.156.241,dead
1.44.156.245,dead
1.44.159.7,dead
1.44.159.114,dead
1.44.159.202,dead
1.44.159.238,dead
1.44.192.169,dead
1.44.192.185,dead
1.44.193.57,dead
1.44.193.137,dead
1.44.193.182,dead
1.44.195.66,dead
1.44.195.78,dead
1.44.195.110,dead
1.44.195.146,dead
1.44.195.178,dead
1.44.197.18,dead
1.44.197.34,dead
1.44.197.170,dead
1.44.198.2,dead
1.44.198.10,dead
1.44.198.26,dead
1.44.198.46,dead
1.44.198.58,dead
1.44.198.66,dead
1.50.4.226,dead
1.51.3.17,dead
1.51.3.21,dead
1.52.48.209,dead
1.52.48.210,dead
1.52.48.213,dead
1.52.48.214,dead
1.52.100.50,dead
1.52.100.54,dead
1.52.100.98,dead
1.52.100.99,dead
1.52.100.152,dead
1.52.100.188,dead
1.52.137.21,dead
1.52.137.44,dead
1.52.137.69,dead
1.52.137.110,dead
1.52.137.126,dead
1.52.137.174,dead
1.52.160.10,dead
1.52.160.17,dead
1.52.160.27,dead
1.52.160.34,dead
1.52.160.42,dead
1.52.160.44,dead
1.52.160.50,dead
1.52.160.52,dead
1.52.160.59,dead
1.52.160.66,dead
1.52.160.82,dead
1.52.160.84,dead
1.52.160.90,dead
1.52.160.98,dead
1.52.160.106,dead
1.52.160.114,dead
1.52.160.124,dead
1.52.160.138,dead
1.52.160.140,dead
1.52.160.146,dead
1.52.160.148,dead
1.52.160.161,dead
1.52.160.164,dead
1.52.160.170,dead
1.52.160.202,dead
1.52.160.218,dead
1.52.160.234,dead
1.52.160.236,dead
1.52.160.250,dead
1.52.160.253,dead
1.52.202.163,dead
1.52.246.130,dead
1.52.246.160,dead
1.53.25.2,dead
1.53.58.21,dead
1.53.59.33,dead
1.53.90.133,dead
1.53.118.16,dead
1.53.118.30,dead
1.53.118.34,dead
1.53.118.36,dead
1.53.118.58,dead
1.53.118.70,dead
1.53.118.78,dead
1.53.118.91,dead
1.53.118.100,dead
1.53.118.102,dead
1.53.118.136,dead
1.53.118.140,dead
1.53.118.150,dead
1.53.118.170,dead
1.53.123.84,dead
1.53.123.85,dead
1.53.123.87,dead
1.53.123.89,dead
1.53.123.102,dead
1.53.123.104,dead
1.53.123.106,dead
1.53.123.107,dead
1.53.123.165,dead
1.53.123.167,dead
1.53.123.169,dead
1.53.123.171,dead
1.53.123.173,dead
1.53.123.214,dead
1.53.123.242,dead
1.53.123.248,dead
1.53.123.249,dead
1.53.137.18,dead
1.53.137.26,dead
1.53.137.76,dead
1.53.137.106,dead
1.53.137.108,dead
1.53.137.122,dead
1.53.137.178,dead
1.53.137.210,dead
1.53.137.218,dead
1.53.137.233,dead
1.53.245.48,dead
1.54.1.4,dead
1.54.1.140,dead
1.54.1.172,dead
1.54.1.178,dead
1.54.1.179,dead
1.54.1.180,dead
1.54.1.188,dead
1.54.1.204,dead
1.54.85.153,dead
1.54.85.246,dead
1.54.149.2,dead
1.54.149.10,dead
1.54.149.12,dead
1.54.149.26,dead
1.54.149.33,dead
1.54.149.50,dead
1.54.149.52,dead
1.54.149.58,dead
1.54.149.66,dead
1.54.149.98,dead
1.54.149.106,dead
1.54.149.113,dead
1.54.149.114,dead
1.54.162.2,dead
1.54.162.53,dead
1.54.162.58,dead
1.54.162.60,dead
1.54.162.74,dead
1.54.162.89,dead
1.54.162.108,dead
1.54.162.116,dead
1.54.162.121,dead
1.54.162.148,dead
1.54.162.172,dead
1.54.162.178,dead
1.54.162.188,dead
1.54.162.210,dead
1.54.162.242,dead
1.54.162.244,dead
1.54.162.249,dead
1.54.192.0,dead
1.54.192.2,dead
1.54.192.10,dead
1.54.192.37,dead
1.54.192.42,dead
1.54.192.43,dead
1.54.192.44,dead
1.54.192.46,dead
1.54.192.47,dead
1.54.192.48,dead
1.54.192.49,dead
1.54.192.52,dead
1.54.192.53,dead
1.54.192.58,dead
1.54.192.59,dead
1.54.192.62,dead
1.54.192.63,dead
1.54.192.66,dead
1.54.192.67,dead
1.54.192.68,dead
1.54.192.69,dead
1.54.192.70,dead
1.54.192.71,dead
1.54.192.74,dead
1.54.192.75,dead
1.54.192.76,dead
1.54.192.77,dead
1.54.192.78,dead
1.54.192.84,dead
1.54.192.85,dead
1.54.192.106,dead
1.54.192.110,dead
1.54.192.111,dead
1.54.192.115,dead
1.54.192.118,dead
1.54.192.119,dead
1.54.192.126,dead
1.54.192.127,dead
1.54.192.130,dead
1.54.192.131,dead
1.54.192.132,dead
1.54.192.133,dead
1.54.192.148,dead
1.54.192.149,dead
1.54.192.152,dead
1.54.192.153,dead
1.54.192.164,dead
1.54.192.165,dead
1.54.192.170,dead
1.54.192.171,dead
1.54.192.204,dead
1.54.192.212,dead
1.54.192.238,dead
1.54.200.2,dead
1.54.200.26,dead
1.54.200.38,dead
1.54.200.44,dead
1.54.200.132,dead
1.54.200.176,dead
1.54.200.190,dead
1.54.201.2,dead
1.54.201.6,dead
1.54.201.8,dead
1.54.201.30,dead
1.54.201.36,dead
1.54.201.42,dead
1.54.201.94,dead
1.54.201.98,dead
1.54.201.114,dead
1.54.201.128,dead
1.54.201.138,dead
1.54.201.144,dead
1.54.201.172,dead
1.54.201.248,dead
1.54.202.2,dead
1.54.202.10,dead
1.54.202.14,dead
1.54.202.20,dead
1.54.202.36,dead
1.54.202.90,dead
1.54.202.92,dead
1.54.202.116,dead
1.54.202.126,dead
1.54.202.134,dead
1.54.202.138,dead
1.54.202.140,dead
1.54.202.146,dead
1.54.202.200,dead
1.54.202.222,dead
1.54.202.234,dead
1.54.203.6,dead
1.54.203.10,dead
1.54.203.42,dead
1.54.203.62,dead
1.54.203.88,dead
1.54.203.90,dead
1.54.203.108,dead
1.54.203.116,dead
1.54.203.120,dead
1.54.203.132,dead
1.54.203.178,dead
1.54.203.194,dead
1.54.203.224,dead
1.54.203.230,dead
1.54.203.232,dead
1.54.203.248,dead
1.54.203.252,dead
1.54.220.18,dead
1.54.220.74,dead
1.54.220.106,dead
1.54.220.114,dead
1.54.220.162,dead
1.54.220.164,dead
1.54.220.170,dead
1.54.220.172,dead
1.54.220.186,dead
1.54.220.218,dead
1.54.220.226,dead
1.54.220.234,dead
1.54.220.250,dead
1.54.249.114,dead
1.54.249.116,dead
1.54.249.186,dead
1.54.249.202,dead
1.54.249.243,dead
1.54.249.244,dead
1.54.249.250,dead
1.54.250.179,dead
1.54.250.188,dead
1.54.250.220,dead
1.54.254.2,dead
1.54.254.26,dead
1.54.254.42,dead
1.54.254.58,dead
1.54.254.68,dead
1.54.254.98,dead
1.54.254.154,dead
1.54.254.162,dead
1.54.254.170,dead
1.55.33.64,dead
1.55.33.201,dead
1.55.72.41,dead
1.55.152.1,dead
1.55.152.9,dead
1.55.152.10,dead
1.55.152.12,dead
1.55.152.13,dead
1.55.152.93,dead
1.55.152.185,dead
1.55.152.254,dead
1.55.240.2,dead
1.55.240.4,dead
1.55.240.19,dead
1.55.240.26,alive
1.55.240.60,alive
1.55.240.122,alive
1.55.240.124,alive
1.55.240.146,alive
1.55.240.194,alive
1.55.240.226,alive
1.55.240.228,alive
1.55.240.242,alive
1.55.240.250,alive
1.55.241.18,alive
1.55.241.20,alive
1.55.241.26,alive
1.55.241.50,alive
1.55.241.73,alive
1.55.241.100,alive
1.55.241.140,alive
1.55.241.148,alive
1.55.241.154,alive
1.55.241.157,alive
1.55.241.186,alive
1.55.241.194,alive
1.55.241.196,alive
1.55.241.218,alive
1.55.241.226,alive
1.55.241.242,alive
1.55.241.244,alive
1.55.242.25,alive
1.55.242.26,alive
1.55.242.34,alive
1.55.242.36,alive
1.55.242.44,alive
1.55.242.50,alive
1.55.242.74,alive
1.55.242.82,alive
1.55.242.106,alive
1.55.242.122,alive
1.55.242.154,alive
1.55.242.162,alive
1.55.242.170,alive
1.55.242.172,alive
1.55.242.179,alive
1.55.242.180,alive
1.55.242.187,alive
1.7.208.85,dead
1.7.209.23,dead
1.7.209.171,dead
1.7.210.17,dead
1.7.210.19,dead
1.7.210.175,dead
1.7.210.183,dead
1.7.210.189,dead
1.7.210.191,dead
1.7.211.87,dead
1.7.211.153,dead
1.7.211.195,dead
1.7.211.199,dead
1.7.211.205,dead
1.7.212.30,dead
1.7.212.248,dead
1.7.213.77,dead
1.7.213.79,dead
1.7.213.122,dead
1.7.213.155,dead
1.7.213.178,dead
1.7.213.182,dead
1.7.213.186,dead
1.7.216.81,dead
1.7.216.85,dead
1.7.216.123,dead
1.7.217.83,dead
1.7.217.133,dead
1.7.217.135,dead
1.7.217.217,dead
1.7.218.6,dead
1.7.218.54,dead
1.7.220.41,dead
1.7.220.121,dead
1.7.220.122,dead
1.7.220.125,dead
1.7.220.235,dead
1.7.221.69,dead
1.7.222.33,dead
1.7.222.35,dead
1.7.222.37,dead
1.7.222.39,dead
1.7.222.48,dead
1.7.222.74,dead
1.7.224.129,dead
1.7.224.130,dead
1.7.226.79,dead
1.7.229.90,dead
1.7.229.117,dead
1.7.229.118,dead
1.7.230.129,dead
1.7.230.138,dead
1.7.230.141,dead
1.7.230.175,dead
1.7.230.209,dead
1.7.231.115,dead
1.7.231.119,dead
1.7.231.153,dead
1.7.231.254,dead
1.7.233.73,dead
1.7.233.145,dead
1.7.233.151,dead
1.7.233.161,dead
1.7.234.193,dead
1.7.234.195,dead
1.7.235.34,dead
1.7.235.73,dead
1.7.235.87,dead
1.7.236.234,dead
1.7.237.187,dead
1.7.237.202,dead
1.7.237.216,dead
1.7.237.227,dead
1.7.240.75,dead
1.7.240.158,dead
1.7.240.198,dead
1.7.241.157,dead
1.7.241.221,dead
1.7.242.114,dead
1.7.242.157,dead
1.7.243.209,dead
1.7.243.212,dead
1.7.243.213,dead
1.7.243.252,dead
1.7.244.231,dead
1.7.244.250,dead
1.7.244.254,dead
1.7.245.0,dead
1.7.245.1,dead
1.8.1.26,dead
1.8.1.126,dead
1.8.1.130,dead
1.8.1.134,dead
1.8.2.18,dead
1.8.2.22,dead
1.8.2.25,dead
1.8.2.26,dead
1.8.2.34,dead
1.8.2.38,dead
1.8.2.62,dead
1.8.2.66,dead
1.8.2.74,dead
1.8.2.82,dead
1.8.2.122,dead
1.8.2.170,dead
1.8.2.186,dead
1.8.3.22,dead
1.8.3.30,dead
1.8.4.30,dead
1.8.4.46,dead
1.8.4.82,dead
1.8.6.30,dead
1.8.6.34,dead
1.8.8.6,dead
1.8.10.10,dead
1.8.10.22,dead
1.8.10.26,dead
1.8.10.29,dead
1.8.10.30,dead
1.8.10.46,dead
1.8.10.50,dead
1.8.10.66,dead
1.8.10.70,dead
1.8.13.6,dead
1.8.14.5,dead
1.8.14.6,dead
1.8.14.10,dead
1.8.14.13,dead
1.8.14.14,dead
1.9.2.20,dead
1.9.2.146,dead
1.9.2.178,dead
1.9.4.1,dead
1.9.4.65,dead
1.9.4.129,dead
1.9.7.174,dead
1.9.7.182,dead
1.9.14.50,dead
1.9.14.66,dead
1.9.21.38,dead
1.9.21.50,dead
1.9.21.62,dead
1.9.21.86,dead
1.9.21.90,dead
1.9.21.150,dead
1.9.21.178,dead
1.9.21.190,dead
1.9.21.198,dead
1.9.21.210,dead
1.9.21.234,dead
1.9.21.246,dead
1.9.25.195,dead
1.9.28.6,dead
1.9.32.26,dead
1.9.32.38,dead
1.9.32.50,dead
1.9.32.66,dead
1.9.32.82,dead
1.9.32.86,dead
1.9.32.89,dead
1.9.32.102,dead
1.9.32.106,dead
1.9.32.114,dead
1.9.32.118,dead
1.9.32.130,dead
1.9.32.206,dead
1.9.32.222,dead
1.9.32.246,dead
1.9.33.9,dead
1.9.33.138,dead
1.9.33.150,dead
1.9.33.158,dead
1.9.33.178,dead
1.9.33.198,dead
1.9.33.230,dead
1.9.33.242,dead
1.9.33.246,dead
1.9.35.180,dead
1.9.38.6,dead
1.9.38.38,dead
1.9.38.50,dead
1.9.38.66,dead
1.9.38.70,dead
1.9.38.82,dead
1.9.38.86,dead
1.9.38.90,dead
1.9.38.102,dead
1.9.38.106,dead
1.9.38.110,dead
1.9.38.122,dead
1.9.38.130,dead
1.9.38.138,dead
1.9.38.166,dead
1.9.38.178,dead
1.9.38.210,dead
1.9.38.214,dead
1.9.39.18,dead
1.9.39.30,dead
1.9.39.42,dead
1.9.39.54,dead
1.9.39.73,dead
1.9.39.78,dead
1.9.39.86,dead
1.9.39.98,dead
1.9.39.106,dead
1.9.39.126,dead
1.9.39.130,dead
1.9.39.165,dead
1.9.39.166,dead
1.9.39.174,dead
1.9.39.178,dead
1.9.39.194,dead
1.9.39.198,dead
1.9.39.206,dead
1.9.39.210,dead
1.9.39.214,dead
1.9.39.230,dead
1.9.40.254,dead
1.9.44.33,dead
1.9.44.37,dead
1.9.44.73,dead
1.9.44.145,dead
1.9.44.149,dead
1.9.44.213,dead
1.9.44.225,dead
1.9.44.245,dead
1.9.45.9,dead
1.9.45.29,dead
1.9.45.69,dead
1.9.45.113,dead
1.9.45.137,dead
1.9.46.9,dead
1.9.46.89,dead
1.9.46.145,dead
1.9.46.217,dead
1.9.46.233,dead
1.9.46.249,dead
1.9.47.1,dead
1.9.47.153,dead
1.9.47.161,dead
1.9.47.185,dead
1.9.47.233,dead
1.9.48.13,dead
1.9.48.25,dead
1.9.48.29,dead
1.9.48.37,dead
1.9.48.81,dead
1.9.48.109,dead
1.9.48.133,dead
1.9.48.165,dead
1.9.48.169,dead
1.9.48.193,dead
1.9.48.197,dead
1.9.49.1,dead
1.9.49.133,dead
1.9.49.177,dead
1.9.49.189,dead
1.9.50.1,dead
1.9.50.17,dead
1.9.50.53,dead
1.9.50.105,dead
1.9.50.161,dead
1.9.50.177,dead
1.9.50.249,dead
1.9.51.137,dead
1.9.51.213,dead
1.9.51.237,dead
1.9.51.245,dead
1.9.52.254,dead
1.9.53.254,dead
1.9.54.254,dead
1.9.55.254,dead
1.9.58.125,dead
1.9.58.226,dead
1.9.67.238,dead
1.9.69.98,dead
1.9.70.17,dead
1.9.70.30,dead
1.9.72.14,dead
1.9.72.22,dead
1.9.72.30,dead
1.9.72.34,dead
1.9.72.38,dead
1.9.72.42,dead
1.9.72.54,dead
1.9.72.62,dead
1.9.72.78,dead
1.9.72.82,dead
1.9.72.89,dead
1.9.72.94,dead
1.9.72.98,dead
1.9.72.102,dead
1.9.72.114,dead
1.9.72.118,dead
1.9.72.122,dead
1.9.72.134,dead
1.9.72.138,dead
1.9.72.141,dead
1.9.72.146,dead
1.9.72.150,dead
1.9.72.162,dead
1.9.72.170,dead
1.9.72.178,dead
1.9.72.202,dead
1.9.72.206,dead
1.9.72.214,dead
1.9.72.230,dead
1.9.72.238,dead
1.9.72.242,dead
1.9.72.246,dead
1.9.72.250,dead
1.9.74.194,dead
1.9.81.22,dead
1.9.81.46,dead
1.9.81.49,dead
1.9.81.50,dead
1.9.81.54,dead
1.9.81.74,dead
1.9.81.98,dead
1.9.81.110,dead
1.9.81.130,dead
1.9.81.166,dead
1.9.81.186,dead
1.9.81.202,dead
1.9.81.206,dead
1.9.81.210,dead
1.9.81.218,dead
1.9.81.222,dead
1.9.81.226,dead
1.9.81.234,dead
1.9.81.242,dead
1.9.81.246,dead
1.9.87.145,dead
1.9.87.194,dead
1.9.87.198,dead
1.9.87.202,dead
1.9.87.205,dead
1.9.87.206,dead
1.9.87.222,dead
1.9.88.254,dead
1.9.92.254,dead
1.9.95.254,dead
1.9.97.254,dead
1.9.100.254,dead
1.9.103.254,dead
1.9.104.254,dead
1.9.106.254,dead
1.9.108.25,dead
1.9.108.65,dead
1.9.108.69,dead
1.9.108.73,dead
1.9.108.77,dead
1.9.108.93,dead
1.9.108.101,dead
1.9.108.105,dead
1.9.108.109,dead
1.9.108.121,dead
1.9.108.161,dead
1.9.108.165,dead
1.9.108.169,dead
1.9.108.177,dead
1.9.108.185,dead
1.9.108.189,dead
1.9.108.209,dead
1.9.108.253,dead
1.9.109.21,dead
1.9.109.89,dead
1.9.109.93,dead
1.9.109.105,dead
1.9.109.109,dead
1.9.109.133,dead
1.9.109.165,dead
1.9.109.169,dead
1.9.109.213,dead
1.9.109.241,dead
1.9.109.249,dead
1.9.110.25,dead
1.9.110.41,dead
1.9.110.105,dead
1.9.110.113,dead
1.9.110.121,dead
1.9.110.145,dead
1.9.110.153,dead
1.9.110.162,dead
1.9.110.177,dead
1.9.110.217,dead
1.9.110.233,dead
1.9.111.9,dead
1.9.111.153,dead
1.9.111.217,dead
1.9.115.254,dead
1.9.116.25,dead
1.9.116.57,dead
1.9.116.73,dead
1.9.116.97,dead
1.9.116.105,dead
1.9.116.121,dead
1.9.116.153,dead
1.9.116.188,dead
1.9.116.193,dead
1.9.117.17,dead
1.9.117.41,dead
1.9.117.49,dead
1.9.117.53,dead
1.9.117.113,dead
1.9.117.141,dead
1.9.117.161,dead
1.9.117.173,dead
1.9.117.189,dead
1.9.117.193,dead
1.9.117.213,dead
1.9.118.1,dead
1.9.118.9,dead
1.9.118.41,dead
1.9.118.57,dead
1.9.118.65,dead
1.9.118.105,dead
1.9.118.146,dead
1.9.118.209,dead
1.9.118.217,dead
1.9.118.242,dead
1.9.118.249,dead
1.9.119.17,dead
1.9.119.41,dead
1.9.119.61,dead
1.9.119.85,dead
1.9.119.161,dead
1.9.119.225,dead
1.9.119.253,dead
1.9.120.13,dead
1.9.120.33,dead
1.9.120.137,dead
1.9.120.141,dead
1.9.120.169,dead
1.9.120.245,dead
1.9.121.126,dead
1.9.124.254,dead
1.9.125.254,dead
1.9.126.1,dead
1.9.126.25,dead
1.9.126.41,dead
1.9.126.57,dead
1.9.126.73,dead
1.9.126.81,dead
1.9.126.113,dead
1.9.126.129,dead
1.9.126.201,dead
1.9.126.233,dead
1.9.126.249,dead
1.9.127.9,dead
1.9.127.17,dead
1.9.127.41,dead
1.9.127.97,dead
1.9.127.105,dead
1.9.127.145,alive
1.9.127.155,dead
1.9.127.225,dead
1.9.127.241,dead
1.9.130.126,alive
1.9.130.130,alive
1.9.131.2,alive
1.9.131.60,alive
1.9.132.146,alive
1.9.133.4,dead
1.9.134.146,alive
1.9.135.228,alive
1.9.136.90,alive
1.9.142.32,dead
1.9.142.34,dead
1.9.144.2,alive
1.9.144.6,alive
1.9.144.30,alive
1.9.144.46,alive
1.9.144.74,alive
1.9.144.90,alive
1.9.144.94,alive
1.9.144.106,alive
1.9.144.134,alive
1.9.144.150,alive
1.9.144.158,alive
1.9.144.162,alive
1.9.144.182,alive
1.9.144.190,alive
1.9.144.194,alive
1.9.144.206,alive
1.9.144.210,alive
1.9.144.238,alive
1.9.144.242,alive
1.9.144.246,alive
1.9.144.254,alive
1.9.145.2,alive
1.9.145.6,alive
1.9.145.10,alive
1.9.145.22,alive
1.9.145.26,alive
1.9.145.34,alive
1.9.145.38,alive
1.9.145.42,alive
1.9.145.49,alive
1.9.145.54,alive
1.9.145.58,dead
1.9.145.62,dead
1.9.145.66,dead
1.9.145.70,dead
1.9.145.74,dead
1.9.145.98,dead
1.9.145.102,dead
1.9.145.114,dead
1.9.145.118,dead
1.9.145.130,dead
1.9.145.134,dead
1.9.145.138,dead
1.9.145.142,dead
1.9.145.146,dead
1.9.145.150,dead
1.9.145.174,dead
1.9.145.178,dead
1.9.145.182,dead
1.9.145.194,dead
1.9.145.202,dead
1.9.145.221,dead
1.9.145.230,dead
1.9.145.234,dead
1.9.145.246,dead
1.9.145.250,dead
1.9.145.254,dead
1.9.146.2,dead
1.9.146.10,dead
1.9.146.22,dead
1.9.146.38,dead
1.9.146.70,dead
1.9.146.74,dead
1.9.146.86,dead
1.9.146.90,dead
1.9.146.98,dead
1.9.146.102,dead
1.9.146.110,dead
1.9.146.118,dead
1.9.146.122,dead
1.9.146.126,dead
1.9.146.138,dead
1.9.146.162,dead
1.9.146.166,dead
1.9.146.194,dead
1.9.146.198,dead
1.9.146.202,dead
1.9.146.210,dead
1.9.146.230,dead
1.9.146.238,dead
1.9.146.246,dead
1.9.148.10,dead
1.9.148.18,dead
1.9.148.22,dead
1.9.148.26,dead
1.9.148.30,dead
1.9.148.38,dead
1.9.148.65,dead
1.9.148.66,dead
1.9.150.88,dead
1.9.150.254,dead
1.9.155.254,dead
1.9.160.22,dead
1.9.160.106,dead
1.9.160.145,dead
1.9.160.146,dead
1.9.172.21,dead
1.9.172.49,dead
1.9.172.53,dead
1.9.172.61,dead
1.9.172.97,dead
1.9.172.101,dead
1.9.172.145,dead
1.9.172.157,dead
1.9.172.201,dead
1.9.172.209,dead
1.9.172.213,dead
1.9.174.41,dead
1.9.174.49,dead
1.9.174.89,dead
1.9.174.97,dead
1.9.174.129,dead
1.9.174.145,dead
1.9.174.153,dead
1.9.174.169,dead
1.9.174.185,dead
1.9.174.201,dead
1.9.174.206,dead
1.9.174.241,dead
1.9.175.33,dead
1.9.175.57,dead
1.9.175.65,dead
1.9.175.81,dead
1.9.175.137,dead
1.9.175.153,dead
1.9.175.169,dead
1.9.175.249,dead
1.9.179.254,dead
1.9.190.2,dead
1.9.190.22,dead
1.9.190.30,dead
1.9.190.38,dead
1.9.190.54,dead
1.9.190.58,dead
1.9.190.62,dead
1.9.190.90,dead
1.9.190.94,dead
1.9.190.98,dead
1.9.190.106,dead
1.9.190.130,dead
1.9.190.134,dead
1.9.190.142,dead
1.9.190.150,dead
1.9.190.166,dead
1.9.190.170,dead
1.9.190.178,dead
1.9.190.182,dead
1.9.190.186,dead
1.9.190.194,dead
1.9.190.198,dead
1.9.190.242,dead
1.9.191.14,dead
1.9.191.30,dead
1.9.191.34,dead
1.9.191.38,dead
1.9.191.42,dead
1.9.191.50,dead
1.9.191.58,dead
1.9.191.82,dead
1.9.191.90,dead
1.9.191.94,dead
1.9.191.102,dead
1.9.191.106,dead
1.9.191.114,dead
1.9.191.134,dead
1.9.191.158,dead
1.9.191.166,dead
1.9.191.174,dead
1.9.191.186,dead
1.9.191.198,dead
1.9.191.210,dead
1.9.191.230,dead
1.9.191.254,dead
1.9.193.254,dead
1.9.197.10,dead
1.9.197.14,dead
1.9.197.26,dead
1.9.197.30,dead
1.9.197.34,dead
1.9.197.38,dead
1.9.197.46,dead
1.9.197.49,dead
1.9.197.50,dead
1.9.197.90,dead
1.9.197.98,dead
1.9.197.102,dead
1.9.197.114,dead
1.9.197.122,dead
1.9.197.126,dead
1.9.197.130,dead
1.9.197.134,dead
1.9.197.142,dead
1.9.197.146,dead
1.9.197.150,dead
1.9.197.161,dead
1.9.197.174,dead
1.9.197.182,dead
1.9.197.186,dead
1.9.197.198,dead
1.9.197.210,dead
1.9.197.214,dead
1.9.197.230,dead
1.9.197.234,dead
1.9.197.242,dead
1.9.197.246,dead
1.9.201.229,dead
1.9.204.254,dead
1.9.206.129,dead
1.9.208.194,dead
1.9.210.4,dead
1.9.211.2,dead
1.9.211.42,dead
1.9.211.50,dead
1.9.211.58,dead
1.9.211.62,dead
1.9.211.66,dead
1.9.211.82,dead
1.9.211.94,dead
1.9.211.110,dead
1.9.211.122,dead
1.9.211.126,dead
1.9.211.142,dead
1.9.211.146,dead
1.9.211.150,dead
1.9.211.154,dead
1.9.211.174,dead
1.9.211.194,dead
1.9.211.198,dead
1.9.211.202,dead
1.9.211.206,dead
1.9.211.210,dead
1.9.211.218,dead
1.9.211.234,dead
1.9.211.246,dead
1.9.211.250,dead
1.9.211.254,dead
1.9.212.146,dead
1.9.213.73,dead
1.9.214.130,dead
1.9.217.42,dead
1.9.220.50,dead
1.9.220.82,dead
1.9.220.98,dead
1.9.220.162,dead
1.9.220.194,dead
1.9.221.186,dead
1.9.221.190,dead
1.9.221.202,dead
1.9.221.206,dead
1.9.221.213,dead
1.9.221.218,dead
1.9.223.6,dead
1.9.223.22,dead
1.9.223.30,dead
1.9.223.34,dead
1.9.223.42,dead
1.9.223.58,dead
1.9.223.78,dead
1.9.223.102,dead
1.9.223.114,dead
1.9.223.138,dead
1.9.223.170,dead
1.9.223.190,dead
1.9.223.222,dead
1.9.223.226,dead
1.9.223.230,dead
1.9.223.234,dead
1.9.223.254,dead
1.9.226.195,dead
1.9.229.14,dead
1.9.229.22,dead
1.9.229.74,dead
1.9.229.78,dead
1.9.229.86,dead
1.9.229.94,dead
1.9.229.102,dead
1.9.229.122,dead
1.9.229.138,dead
1.9.229.146,dead
1.9.229.154,dead
1.9.229.162,dead
1.9.229.170,dead
1.9.229.190,dead
1.9.229.194,dead
1.9.229.197,dead
1.9.229.222,dead
1.9.229.234,dead
1.9.229.250,dead
1.9.230.10,dead
1.9.230.18,dead
1.9.230.50,dead
1.9.230.66,dead
1.9.230.106,dead
1.9.230.110,dead
1.9.230.126,dead
1.9.230.130,dead
1.9.230.142,dead
1.9.230.154,dead
1.9.230.162,dead
1.9.230.174,dead
1.9.230.178,dead
1.9.230.182,dead
1.9.230.202,dead
1.9.230.230,dead
1.9.230.238,dead
1.9.230.246,dead
1.9.235.6,dead
1.9.235.10,dead
1.9.235.14,dead
1.9.235.21,dead
1.9.235.26,dead
1.9.235.38,dead
1.9.235.50,dead
1.9.235.78,dead
1.9.235.82,dead
1.9.235.86,dead
1.9.235.90,dead
1.9.235.110,dead
1.9.235.114,dead
1.9.235.134,dead
1.9.235.146,dead
1.9.235.150,dead
1.9.235.158,dead
1.9.235.166,dead
1.9.235.170,dead
1.9.235.178,dead
1.9.235.182,dead
1.9.235.194,dead
1.9.235.198,dead
1.9.235.210,dead
1.9.235.214,dead
1.9.235.218,dead
1.9.235.221,dead
1.9.235.222,dead
1.9.235.226,dead
1.9.235.234,dead
1.9.235.238,dead
1.9.235.254,dead
1.9.239.6,dead
1.9.239.10,dead
1.9.239.29,dead
1.9.239.34,dead
1.9.239.38,dead
1.9.239.254,dead
1.9.241.41,dead
1.9.241.42,dead
1.9.241.78,dead
1.9.241.82,dead
1.9.241.93,dead
1.9.241.94,dead
1.9.241.174,dead
1.9.241.182,dead
1.9.241.198,dead
1.9.241.222,dead
1.9.241.225,dead
1.9.241.226,dead
1.9.241.230,dead
1.9.242.118,dead
1.9.243.2,dead
1.9.243.17,dead
1.9.243.18,dead
1.9.243.26,dead
1.9.243.33,dead
1.9.243.34,dead
1.9.243.42,dead
1.9.243.94,dead
1.9.243.118,dead
1.9.244.50,dead
1.9.244.66,dead
1.9.244.70,dead
1.9.244.74,dead
1.9.244.89,dead
1.9.244.90,dead
1.9.244.98,dead
1.9.244.102,dead
1.9.244.126,dead
1.9.244.145,dead
1.9.244.146,dead
1.9.244.158,dead
1.9.244.170,dead
1.9.244.214,dead
1.9.244.226,dead
1.9.244.230,dead
1.9.246.30,dead
1.9.246.126,dead
1.9.246.251,dead
1.9.247.2,dead
1.9.247.6,dead
1.9.247.18,dead
1.9.247.26,dead
1.9.247.34,dead
1.9.247.42,dead
1.9.247.46,dead
1.9.247.86,dead
1.9.247.90,dead
1.9.247.94,dead
1.9.247.122,dead
1.9.247.134,dead
1.9.247.138,dead
1.9.247.146,dead
1.9.247.150,dead
1.9.247.162,dead
1.9.247.166,dead
1.9.247.174,dead
1.9.247.182,dead
1.9.247.186,dead
1.9.247.190,dead
1.9.247.194,dead
1.9.247.198,dead
1.9.247.206,dead
1.9.247.222,dead
1.9.247.230,dead
1.9.247.234,dead
1.9.247.250,dead
1.9.247.254,dead
1.9.249.2,dead
1.9.249.5,dead
1.9.249.6,dead
1.9.249.9,dead
1.9.249.10,dead
1.9.249.37,dead
1.9.249.38,dead
1.9.249.66,dead
1.9.249.70,dead
1.9.249.90,dead
1.9.249.246,dead
1.9.253.6,dead
1.9.253.22,dead
1.9.253.30,dead
1.9.253.34,dead
1.9.253.38,dead
1.9.253.42,dead
1.9.253.46,dead
1.9.253.58,dead
1.9.253.70,dead
1.9.253.86,dead
1.9.253.94,dead
1.9.253.98,dead
1.9.253.102,dead
1.9.253.106,dead
1.9.253.114,dead
1.9.253.118,dead
1.9.253.134,dead
1.9.253.138,dead
1.9.253.150,dead
1.9.253.158,dead
1.9.253.162,dead
1.9.253.226,dead
1.9.253.246,dead
1.9.253.254,dead
1.9.255.10,dead
1.10.11.4,dead
1.10.131.1,dead
1.10.131.31,dead
1.10.131.116,dead
1.10.131.122,dead
1.10.131.131,dead
1.10.131.168,dead
1.10.131.234,dead
1.10.141.97,dead
1.10.141.195,dead
1.10.143.7,dead
1.10.143.39,dead
1.10.143.101,dead
1.10.143.226,dead
1.10.144.31,dead
1.10.175.1,dead
1.10.175.57,dead
1.10.175.197,dead
1.10.176.104,dead
1.10.180.30,dead
1.10.181.217,dead
1.10.184.4,dead
1.10.184.10,dead
1.10.184.131,dead
1.10.184.141,dead
1.10.185.1,dead
1.10.185.21,dead
1.10.185.36,dead
1.10.185.60,dead
1.10.185.106,dead
1.10.185.126,dead
1.10.185.157,dead
1.10.185.178,dead
1.10.187.41,dead
1.10.190.59,dead
1.10.190.139,dead
1.10.190.156,dead
1.10.194.231,dead
1.10.213.110,dead
1.10.232.68,dead
1.10.237.79,dead
1.10.243.163,dead
1.10.246.230,dead
1.11.0.1,dead
1.11.9.53,dead
1.11.14.152,dead
1.11.15.62,dead
1.11.18.139,dead
1.11.71.129,dead
1.11.91.130,dead
1.11.103.129,dead
1.11.104.204,dead
1.11.105.133,dead
1.11.139.229,dead
1.11.151.2,dead
1.11.151.6,dead
1.11.151.10,dead
1.11.151.14,dead
1.11.151.26,alive
1.11.151.30,alive
1.11.151.34,alive
1.11.151.38,alive
1.11.151.42,alive
1.11.151.46,alive
1.11.151.50,alive
1.11.151.54,alive
1.11.151.58,alive
1.11.151.62,alive
1.11.151.66,alive
1.11.151.69,alive
1.11.151.73,dead
1.11.151.77,dead
1.11.151.82,dead
1.11.151.86,dead
1.11.151.90,alive
1.11.151.110,dead
1.11.151.114,dead
1.11.151.138,dead
1.11.151.142,dead
1.11.151.158,dead
